-- --------------------------------------------------------
-- 主机:                           10.10.19.117
-- 服务器版本:                        5.7.14-7-log - Source distribution
-- 服务器操作系统:                      Linux
-- HeidiSQL 版本:                  9.4.0.5125
-- --------------------------------------------------------

/*!40101 SET @OLD_CHARACTER_SET_CLIENT=@@CHARACTER_SET_CLIENT */;
/*!40101 SET NAMES utf8 */;
/*!50503 SET NAMES utf8mb4 */;
/*!40014 SET @OLD_FOREIGN_KEY_CHECKS=@@FOREIGN_KEY_CHECKS, FOREIGN_KEY_CHECKS=0 */;
/*!40101 SET @OLD_SQL_MODE=@@SQL_MODE, SQL_MODE='NO_AUTO_VALUE_ON_ZERO' */;

-- 导出  表 hhailuocms.xy_access 结构
CREATE TABLE IF NOT EXISTS `xy_access` (
  `role_id` smallint(6) unsigned NOT NULL,
  `level` tinyint(3) unsigned NOT NULL DEFAULT '0' COMMENT '等级。等级从0,1,2依次增加',
  `node_id` smallint(6) unsigned NOT NULL,
  `siteid` tinyint(4) NOT NULL DEFAULT '1' COMMENT '站点ID',
  `request_method` tinyint(1) unsigned NOT NULL DEFAULT '0' COMMENT '请求方式；0: All, 1: Get 2: Post',
  PRIMARY KEY (`role_id`,`node_id`,`siteid`),
  KEY `groupId` (`role_id`),
  KEY `nodeId` (`node_id`)
) ENGINE=InnoDB DEFAULT CHARSET=utf8;

-- 正在导出表  hhailuocms.xy_access 的数据：~274 rows (大约)
/*!40000 ALTER TABLE `xy_access` DISABLE KEYS */;
INSERT INTO `xy_access` (`role_id`, `level`, `node_id`, `siteid`, `request_method`) VALUES
	(2, 0, 1, 3, 0),
	(2, 0, 3, 1, 0),
	(2, 0, 5, 1, 0),
	(2, 0, 5, 2, 0),
	(2, 0, 11, 1, 0),
	(2, 0, 12, 1, 0),
	(2, 0, 16, 1, 0),
	(2, 0, 17, 1, 1),
	(2, 0, 19, 1, 0),
	(2, 0, 21, 1, 1),
	(2, 0, 22, 1, 1),
	(2, 0, 25, 1, 0),
	(2, 0, 32, 1, 1),
	(2, 0, 32, 2, 1),
	(2, 0, 41, 1, 0),
	(2, 0, 53, 1, 0),
	(2, 0, 53, 2, 0),
	(2, 0, 58, 1, 0),
	(2, 0, 58, 2, 0),
	(2, 0, 59, 1, 0),
	(2, 0, 59, 2, 0),
	(2, 0, 59, 3, 0),
	(2, 0, 62, 1, 0),
	(2, 0, 62, 2, 0),
	(2, 0, 63, 1, 0),
	(2, 0, 66, 1, 0),
	(2, 0, 66, 2, 0),
	(2, 0, 68, 1, 0),
	(2, 0, 69, 1, 0),
	(2, 0, 114, 1, 0),
	(2, 0, 115, 1, 0),
	(2, 0, 116, 1, 1),
	(2, 0, 117, 1, 1),
	(2, 0, 245, 1, 0),
	(2, 0, 245, 2, 0),
	(2, 0, 248, 1, 0),
	(2, 0, 248, 2, 0),
	(2, 0, 249, 1, 0),
	(2, 0, 249, 2, 0),
	(2, 0, 253, 1, 0),
	(2, 0, 254, 1, 0),
	(2, 0, 254, 2, 1),
	(2, 0, 255, 1, 0),
	(2, 0, 255, 2, 1),
	(2, 0, 263, 1, 0),
	(2, 0, 263, 2, 0),
	(2, 0, 267, 1, 0),
	(2, 0, 267, 2, 0),
	(2, 0, 268, 1, 0),
	(2, 0, 268, 2, 0),
	(2, 0, 269, 1, 0),
	(2, 0, 269, 2, 0),
	(2, 0, 271, 1, 0),
	(2, 0, 272, 1, 0),
	(2, 0, 273, 1, 1),
	(2, 0, 275, 1, 1),
	(2, 0, 277, 1, 0),
	(2, 0, 277, 2, 1),
	(2, 0, 278, 1, 0),
	(2, 0, 278, 2, 1),
	(2, 0, 280, 1, 0),
	(2, 0, 280, 2, 0),
	(2, 0, 281, 1, 0),
	(2, 0, 281, 2, 0),
	(2, 0, 282, 1, 1),
	(2, 0, 283, 1, 1),
	(2, 0, 285, 1, 0),
	(2, 0, 292, 1, 0),
	(2, 0, 293, 1, 0),
	(2, 0, 294, 1, 1),
	(2, 0, 296, 1, 0),
	(2, 0, 297, 1, 0),
	(2, 0, 301, 1, 0),
	(2, 0, 302, 1, 1),
	(2, 0, 303, 1, 1),
	(2, 0, 307, 1, 0),
	(2, 0, 308, 1, 0),
	(2, 0, 309, 1, 0),
	(2, 0, 310, 2, 0),
	(2, 0, 311, 2, 0),
	(2, 0, 312, 1, 0),
	(2, 0, 315, 1, 0),
	(2, 0, 315, 2, 0),
	(2, 0, 316, 1, 0),
	(2, 0, 316, 2, 0),
	(2, 0, 317, 1, 0),
	(2, 0, 317, 2, 1),
	(2, 0, 325, 1, 0),
	(2, 0, 325, 2, 0),
	(2, 0, 326, 1, 0),
	(2, 0, 326, 2, 0),
	(2, 0, 338, 2, 0),
	(2, 0, 339, 2, 0),
	(2, 0, 340, 2, 0),
	(2, 0, 341, 2, 0),
	(2, 0, 342, 2, 0),
	(2, 0, 343, 2, 0),
	(2, 0, 344, 1, 0),
	(2, 0, 344, 2, 0),
	(2, 0, 345, 1, 0),
	(2, 0, 345, 2, 0),
	(2, 0, 346, 1, 0),
	(2, 0, 346, 2, 0),
	(2, 0, 347, 1, 0),
	(2, 0, 347, 2, 0),
	(2, 0, 348, 1, 0),
	(2, 0, 348, 2, 0),
	(2, 0, 349, 1, 0),
	(2, 0, 349, 2, 0),
	(2, 0, 350, 1, 0),
	(2, 0, 350, 2, 0),
	(2, 0, 367, 1, 0),
	(2, 0, 368, 1, 0),
	(2, 0, 369, 1, 0),
	(2, 0, 393, 1, 0),
	(2, 0, 394, 1, 0),
	(2, 0, 395, 1, 0),
	(2, 0, 396, 1, 0),
	(2, 0, 397, 1, 0),
	(2, 0, 398, 1, 0),
	(2, 0, 399, 1, 0),
	(2, 0, 400, 1, 1),
	(2, 0, 401, 1, 1),
	(2, 0, 402, 1, 0),
	(2, 0, 404, 1, 0),
	(2, 0, 405, 1, 0),
	(2, 0, 407, 1, 0),
	(2, 0, 410, 1, 0),
	(2, 0, 411, 1, 0),
	(2, 0, 412, 1, 0),
	(2, 0, 413, 1, 0),
	(3, 0, 3, 1, 0),
	(3, 0, 5, 1, 0),
	(3, 0, 5, 2, 0),
	(3, 0, 11, 1, 0),
	(3, 0, 12, 1, 0),
	(3, 0, 16, 1, 0),
	(3, 0, 19, 1, 0),
	(3, 0, 21, 1, 1),
	(3, 0, 25, 1, 0),
	(3, 0, 32, 1, 1),
	(3, 0, 32, 2, 1),
	(3, 0, 41, 1, 0),
	(3, 0, 53, 1, 0),
	(3, 0, 58, 1, 0),
	(3, 0, 58, 2, 0),
	(3, 0, 59, 1, 0),
	(3, 0, 59, 2, 0),
	(3, 0, 62, 1, 0),
	(3, 0, 62, 2, 0),
	(3, 0, 63, 1, 0),
	(3, 0, 66, 1, 0),
	(3, 0, 68, 1, 0),
	(3, 0, 69, 1, 0),
	(3, 0, 114, 1, 0),
	(3, 0, 115, 1, 0),
	(3, 0, 116, 1, 1),
	(3, 0, 117, 1, 1),
	(3, 0, 245, 1, 0),
	(3, 0, 245, 2, 0),
	(3, 0, 248, 1, 0),
	(3, 0, 248, 2, 0),
	(3, 0, 249, 1, 0),
	(3, 0, 249, 2, 0),
	(3, 0, 253, 1, 0),
	(3, 0, 254, 1, 0),
	(3, 0, 254, 2, 1),
	(3, 0, 255, 1, 0),
	(3, 0, 255, 2, 1),
	(3, 0, 263, 1, 0),
	(3, 0, 263, 2, 0),
	(3, 0, 267, 1, 0),
	(3, 0, 267, 2, 0),
	(3, 0, 268, 1, 0),
	(3, 0, 268, 2, 0),
	(3, 0, 269, 1, 0),
	(3, 0, 269, 2, 0),
	(3, 0, 271, 1, 0),
	(3, 0, 272, 1, 0),
	(3, 0, 273, 1, 1),
	(3, 0, 275, 1, 1),
	(3, 0, 277, 1, 0),
	(3, 0, 277, 2, 1),
	(3, 0, 278, 1, 0),
	(3, 0, 278, 2, 1),
	(3, 0, 280, 2, 0),
	(3, 0, 281, 1, 0),
	(3, 0, 281, 2, 0),
	(3, 0, 282, 1, 0),
	(3, 0, 283, 1, 0),
	(3, 0, 285, 1, 0),
	(3, 0, 292, 1, 0),
	(3, 0, 293, 1, 0),
	(3, 0, 294, 1, 1),
	(3, 0, 296, 1, 1),
	(3, 0, 301, 1, 0),
	(3, 0, 302, 1, 1),
	(3, 0, 303, 1, 1),
	(3, 0, 306, 1, 0),
	(3, 0, 307, 1, 0),
	(3, 0, 308, 1, 0),
	(3, 0, 309, 1, 0),
	(3, 0, 310, 1, 0),
	(3, 0, 311, 1, 0),
	(3, 0, 312, 1, 0),
	(3, 0, 315, 1, 0),
	(3, 0, 315, 2, 0),
	(3, 0, 316, 1, 0),
	(3, 0, 316, 2, 0),
	(3, 0, 317, 1, 0),
	(3, 0, 317, 2, 1),
	(3, 0, 325, 1, 0),
	(3, 0, 325, 2, 0),
	(3, 0, 326, 1, 0),
	(3, 0, 326, 2, 0),
	(3, 0, 344, 1, 0),
	(3, 0, 344, 2, 0),
	(3, 0, 345, 1, 0),
	(3, 0, 345, 2, 0),
	(3, 0, 346, 1, 0),
	(3, 0, 346, 2, 1),
	(3, 0, 347, 1, 0),
	(3, 0, 347, 2, 0),
	(3, 0, 348, 1, 0),
	(3, 0, 348, 2, 1),
	(3, 0, 349, 1, 0),
	(3, 0, 349, 2, 0),
	(3, 0, 350, 1, 0),
	(3, 0, 350, 2, 1),
	(3, 0, 367, 1, 0),
	(3, 0, 368, 1, 0),
	(3, 0, 369, 1, 0),
	(3, 0, 376, 1, 0),
	(3, 0, 377, 1, 0),
	(3, 0, 377, 2, 0),
	(3, 0, 378, 1, 0),
	(3, 0, 378, 2, 0),
	(3, 0, 379, 1, 0),
	(3, 0, 379, 2, 0),
	(3, 0, 380, 1, 0),
	(3, 0, 380, 2, 0),
	(3, 0, 381, 1, 0),
	(3, 0, 381, 2, 0),
	(3, 0, 382, 1, 0),
	(3, 0, 382, 2, 0),
	(3, 0, 386, 1, 0),
	(3, 0, 386, 2, 0),
	(3, 0, 387, 1, 0),
	(3, 0, 387, 2, 0),
	(3, 0, 388, 1, 0),
	(3, 0, 388, 2, 0),
	(3, 0, 393, 1, 0),
	(3, 0, 394, 1, 0),
	(3, 0, 395, 1, 0),
	(3, 0, 395, 2, 0),
	(3, 0, 396, 1, 0),
	(3, 0, 396, 2, 0),
	(3, 0, 397, 1, 0),
	(3, 0, 397, 2, 0),
	(3, 0, 398, 1, 0),
	(3, 0, 398, 2, 0),
	(3, 0, 399, 1, 0),
	(3, 0, 399, 2, 0),
	(3, 0, 400, 1, 0),
	(3, 0, 401, 1, 0),
	(3, 0, 402, 1, 0),
	(3, 0, 404, 1, 0),
	(3, 0, 405, 1, 0),
	(3, 0, 407, 1, 0),
	(3, 0, 410, 1, 0),
	(3, 0, 411, 1, 0),
	(3, 0, 412, 1, 0),
	(3, 0, 413, 1, 0),
	(3, 0, 416, 1, 0);
/*!40000 ALTER TABLE `xy_access` ENABLE KEYS */;

-- 导出  表 hhailuocms.xy_attachment 结构
CREATE TABLE IF NOT EXISTS `xy_attachment` (
  `id` int(11) NOT NULL AUTO_INCREMENT,
  `title` varchar(255) NOT NULL DEFAULT '' COMMENT '自定义标题',
  `name` varchar(255) NOT NULL DEFAULT '' COMMENT '附件本身名字',
  `url` varchar(255) DEFAULT NULL,
  `path` varchar(255) NOT NULL DEFAULT '' COMMENT '附件路径',
  `thumbs` varchar(255) NOT NULL DEFAULT '' COMMENT '缩略图',
  `size` int(10) NOT NULL DEFAULT '0' COMMENT '附件大小',
  `ext` char(10) NOT NULL DEFAULT '' COMMENT '附件扩展名',
  `width` smallint(6) DEFAULT NULL,
  `height` smallint(6) DEFAULT NULL,
  `user_id` int(11) NOT NULL DEFAULT '0' COMMENT '上传用户',
  `ip` char(15) NOT NULL DEFAULT '' COMMENT '上传IP',
  `siteid` tinyint(4) NOT NULL DEFAULT '1' COMMENT '站点ID',
  `uploaded_at` datetime NOT NULL DEFAULT '1970-01-01 08:00:01' COMMENT '上传时间',
  PRIMARY KEY (`id`)
) ENGINE=InnoDB AUTO_INCREMENT=278 DEFAULT CHARSET=utf8;

-- 正在导出表  hhailuocms.xy_attachment 的数据：~276 rows (大约)
/*!40000 ALTER TABLE `xy_attachment` DISABLE KEYS */;
INSERT INTO `xy_attachment` (`id`, `title`, `name`, `url`, `path`, `thumbs`, `size`, `ext`, `width`, `height`, `user_id`, `ip`, `siteid`, `uploaded_at`) VALUES
	(1, '{381DF968-58D8-467D-8E4E-B72227F625C0}.png', '56de463fda507.png', '2016-03-08/56de463fda507.png', '2016-03-08/56de463fda507.png', '{"100x90":"2016-03-08\\/56de463fda507100x90.png","80x44":"2016-03-08\\/56de463fda50780x44.png"}', 105898, 'png', NULL, NULL, 0, '127.0.0.1', 1, '2016-03-08 11:25:51'),
	(2, '{B1789B83-1FD3-4141-8D15-48268F98C772}.jpg', '56de4640e3d9a.jpg', '2016-03-08/56de4640e3d9a.jpg', '2016-03-08/56de4640e3d9a.jpg', '{"100x90":"2016-03-08\\/56de4640e3d9a100x90.jpg","80x44":"2016-03-08\\/56de4640e3d9a80x44.jpg"}', 107550, 'jpg', NULL, NULL, 0, '127.0.0.1', 1, '2016-03-08 11:25:52'),
	(3, '{D258A30B-42DC-4B7C-A34D-F8F20DC858AE}.png', '56de464196f49.png', '2016-03-08/56de464196f49.png', '2016-03-08/56de464196f49.png', '{"100x90":"2016-03-08\\/56de464196f49100x90.png","80x44":"2016-03-08\\/56de464196f4980x44.png"}', 275381, 'png', NULL, NULL, 0, '127.0.0.1', 1, '2016-03-08 11:25:53'),
	(4, 't1.png', '56dff4a01fa65.png', '2016-03-09/56dff4a01fa65.png', '2016-03-09/56dff4a01fa65.png', '{"100x90":"2016-03-09\\/56dff4a01fa65100x90.png","80x44":"2016-03-09\\/56dff4a01fa6580x44.png"}', 44368, 'png', NULL, NULL, 0, '127.0.0.1', 1, '2016-03-09 18:02:08'),
	(5, 't1.png', '56e0d3e2d076c.png', '2016-03-10/56e0d3e2d076c.png', '2016-03-10/56e0d3e2d076c.png', '{"100x90":"2016-03-10\\/56e0d3e2d076c100x90.png","80x44":"2016-03-10\\/56e0d3e2d076c80x44.png"}', 44368, 'png', NULL, NULL, 0, '127.0.0.1', 1, '2016-03-10 09:54:42'),
	(6, 't1.png', '56e0ee05caab6.png', '2016-03-10/56e0ee05caab6.png', '2016-03-10/56e0ee05caab6.png', '{"100x90":"2016-03-10\\/56e0ee05caab6100x90.png","80x44":"2016-03-10\\/56e0ee05caab680x44.png"}', 44368, 'png', NULL, NULL, 0, '127.0.0.1', 1, '2016-03-10 11:46:13'),
	(7, '3.png', '56e114b3dff5a.png', '2016-03-10/56e114b3dff5a.png', '2016-03-10/56e114b3dff5a.png', '{"100x90":"2016-03-10\\/56e114b3dff5a100x90.png","80x44":"2016-03-10\\/56e114b3dff5a80x44.png"}', 39867, 'png', NULL, NULL, 0, '127.0.0.1', 1, '2016-03-10 14:31:15'),
	(8, '', '56fba13b92b47.png', '2016-03-30/56fba13b92b47.png', '2016-03-30/56fba13b92b47.png', '', 0, 'png', NULL, NULL, 0, '127.0.0.1', 1, '2016-03-30 17:49:47'),
	(9, '', '56fc87aaaa827.png', '2016-03-31/56fc87aaaa827.png', '2016-03-31/56fc87aaaa827.png', '', 0, 'png', NULL, NULL, 0, '127.0.0.1', 1, '2016-03-31 10:12:58'),
	(10, '', '56fc9c31be0bb.png', '2016-03-31/56fc9c31be0bb.png', '2016-03-31/56fc9c31be0bb.png', '', 0, 'png', NULL, NULL, 0, '127.0.0.1', 1, '2016-03-31 11:40:33'),
	(11, '', '56fc9d4c19d2a.png', '2016-03-31/56fc9d4c19d2a.png', '2016-03-31/56fc9d4c19d2a.png', '', 0, 'png', NULL, NULL, 0, '127.0.0.1', 1, '2016-03-31 11:45:16'),
	(12, '', '56fc9d7663c6c.png', '2016-03-31/56fc9d7663c6c.png', '2016-03-31/56fc9d7663c6c.png', '', 0, 'png', NULL, NULL, 0, '127.0.0.1', 1, '2016-03-31 11:45:58'),
	(13, '', '56fc9f2362aa4.png', '2016-03-31/56fc9f2362aa4.png', '2016-03-31/56fc9f2362aa4.png', '', 0, 'png', NULL, NULL, 0, '127.0.0.1', 1, '2016-03-31 11:53:07'),
	(14, '', '56fc9f512da3f.png', '2016-03-31/56fc9f512da3f.png', '2016-03-31/56fc9f512da3f.png', '', 0, 'png', NULL, NULL, 0, '127.0.0.1', 1, '2016-03-31 11:53:53'),
	(15, '', '56fc9f85de10a.png', '2016-03-31/56fc9f85de10a.png', '2016-03-31/56fc9f85de10a.png', '', 0, 'png', NULL, NULL, 0, '127.0.0.1', 1, '2016-03-31 11:54:45'),
	(16, '', '56fc9fbf7baea.png', '2016-03-31/56fc9fbf7baea.png', '2016-03-31/56fc9fbf7baea.png', '', 0, 'png', NULL, NULL, 0, '127.0.0.1', 1, '2016-03-31 11:55:43'),
	(17, '', '56fcbf5045246.png', '2016-03-31/56fcbf5045246.png', '2016-03-31/56fcbf5045246.png', '', 0, 'png', NULL, NULL, 0, '127.0.0.1', 1, '2016-03-31 14:10:24'),
	(18, '', '56fcbf7fbeb2b.png', '2016-03-31/56fcbf7fbeb2b.png', '2016-03-31/56fcbf7fbeb2b.png', '', 0, 'png', NULL, NULL, 0, '127.0.0.1', 1, '2016-03-31 14:11:11'),
	(19, '', '56fcc01994a81.png', '2016-03-31/56fcc01994a81.png', '2016-03-31/56fcc01994a81.png', '', 0, 'png', NULL, NULL, 0, '127.0.0.1', 1, '2016-03-31 14:13:45'),
	(20, '', '56fcc08bdffbb.png', '2016-03-31/56fcc08bdffbb.png', '2016-03-31/56fcc08bdffbb.png', '', 0, 'png', NULL, NULL, 0, '127.0.0.1', 1, '2016-03-31 14:15:39'),
	(21, '', '56fcc11eb74f2.png', '2016-03-31/56fcc11eb74f2.png', '2016-03-31/56fcc11eb74f2.png', '', 0, 'png', NULL, NULL, 0, '127.0.0.1', 1, '2016-03-31 14:18:06'),
	(22, '', '56fcc174225ae.png', '2016-03-31/56fcc174225ae.png', '2016-03-31/56fcc174225ae.png', '', 0, 'png', NULL, NULL, 0, '127.0.0.1', 1, '2016-03-31 14:19:32'),
	(23, '', '56fcc288eee78.png', '2016-03-31/56fcc288eee78.png', '2016-03-31/56fcc288eee78.png', '', 0, 'png', NULL, NULL, 0, '127.0.0.1', 1, '2016-03-31 14:24:08'),
	(24, '', '56fcc2cd6f32d.jpg', '2016-03-31/56fcc2cd6f32d.jpg', '2016-03-31/56fcc2cd6f32d.jpg', '', 0, 'jpg', NULL, NULL, 0, '127.0.0.1', 1, '2016-03-31 14:25:17'),
	(25, '', '56fcc2e70c30d.png', '2016-03-31/56fcc2e70c30d.png', '2016-03-31/56fcc2e70c30d.png', '', 0, 'png', NULL, NULL, 0, '127.0.0.1', 1, '2016-03-31 14:25:43'),
	(26, '', '56fcc5c8c3e08.png', '2016-03-31/56fcc5c8c3e08.png', '2016-03-31/56fcc5c8c3e08.png', '', 0, 'png', NULL, NULL, 0, '127.0.0.1', 1, '2016-03-31 14:38:00'),
	(27, '', '56fcc617678c5.png', '2016-03-31/56fcc617678c5.png', '2016-03-31/56fcc617678c5.png', '', 0, 'png', NULL, NULL, 0, '127.0.0.1', 1, '2016-03-31 14:39:19'),
	(28, '', '56fcc6ce74589.jpg', '2016-03-31/56fcc6ce74589.jpg', '2016-03-31/56fcc6ce74589.jpg', '', 0, 'jpg', NULL, NULL, 0, '127.0.0.1', 1, '2016-03-31 14:42:22'),
	(29, '', '56fcc6faa0042.png', '2016-03-31/56fcc6faa0042.png', '2016-03-31/56fcc6faa0042.png', '', 0, 'png', NULL, NULL, 0, '127.0.0.1', 1, '2016-03-31 14:43:06'),
	(30, '', '56fcc700501ed.jpg', '2016-03-31/56fcc700501ed.jpg', '2016-03-31/56fcc700501ed.jpg', '', 0, 'jpg', NULL, NULL, 0, '127.0.0.1', 1, '2016-03-31 14:43:12'),
	(31, '', '56fcc76344f4a.jpg', '2016-03-31/56fcc76344f4a.jpg', '2016-03-31/56fcc76344f4a.jpg', '', 0, 'jpg', NULL, NULL, 0, '127.0.0.1', 1, '2016-03-31 14:44:51'),
	(32, '', '56fcc8202a96b.png', '2016-03-31/56fcc8202a96b.png', '2016-03-31/56fcc8202a96b.png', '', 0, 'png', NULL, NULL, 0, '127.0.0.1', 1, '2016-03-31 14:48:00'),
	(33, '', '56fcc8640548c.png', '2016-03-31/56fcc8640548c.png', '2016-03-31/56fcc8640548c.png', '', 0, 'png', NULL, NULL, 0, '127.0.0.1', 1, '2016-03-31 14:49:08'),
	(34, '', '56fcc8de04ee0.jpg', '2016-03-31/56fcc8de04ee0.jpg', '2016-03-31/56fcc8de04ee0.jpg', '', 0, 'jpg', NULL, NULL, 0, '127.0.0.1', 1, '2016-03-31 14:51:10'),
	(35, '', '56fcc937ee98a.jpg', '2016-03-31/56fcc937ee98a.jpg', '2016-03-31/56fcc937ee98a.jpg', '', 0, 'jpg', NULL, NULL, 0, '127.0.0.1', 1, '2016-03-31 14:52:39'),
	(36, '', '56fccab8c4391.png', '2016-03-31/56fccab8c4391.png', '2016-03-31/56fccab8c4391.png', '', 0, 'png', NULL, NULL, 0, '127.0.0.1', 1, '2016-03-31 14:59:04'),
	(37, '', '56fccd5959c26.jpg', '2016-03-31/56fccd5959c26.jpg', '2016-03-31/56fccd5959c26.jpg', '', 0, 'jpg', NULL, NULL, 0, '127.0.0.1', 1, '2016-03-31 15:10:17'),
	(38, '', '56fccd7a6456b.jpg', '2016-03-31/56fccd7a6456b.jpg', '2016-03-31/56fccd7a6456b.jpg', '', 0, 'jpg', NULL, NULL, 0, '127.0.0.1', 1, '2016-03-31 15:10:50'),
	(39, '', '56fcce06ec88f.jpg', '2016-03-31/56fcce06ec88f.jpg', '2016-03-31/56fcce06ec88f.jpg', '', 0, 'jpg', NULL, NULL, 0, '127.0.0.1', 1, '2016-03-31 15:13:10'),
	(40, '', '56fcce425259c.jpg', '2016-03-31/56fcce425259c.jpg', '2016-03-31/56fcce425259c.jpg', '', 0, 'jpg', NULL, NULL, 0, '127.0.0.1', 1, '2016-03-31 15:14:10'),
	(41, '', '56fccf2ff39ef.jpg', '2016-03-31/56fccf2ff39ef.jpg', '2016-03-31/56fccf2ff39ef.jpg', '', 0, 'jpg', NULL, NULL, 0, '127.0.0.1', 1, '2016-03-31 15:18:08'),
	(42, '', '56fccfd2a820e.jpg', '2016-03-31/56fccfd2a820e.jpg', '2016-03-31/56fccfd2a820e.jpg', '', 0, 'jpg', NULL, NULL, 0, '127.0.0.1', 1, '2016-03-31 15:20:50'),
	(43, '', '56fcd02bd7757.png', '2016-03-31/56fcd02bd7757.png', '2016-03-31/56fcd02bd7757.png', '', 0, 'png', NULL, NULL, 0, '127.0.0.1', 1, '2016-03-31 15:22:19'),
	(44, '', '56fcd06b5d565.jpg', '2016-03-31/56fcd06b5d565.jpg', '2016-03-31/56fcd06b5d565.jpg', '', 0, 'jpg', NULL, NULL, 0, '127.0.0.1', 1, '2016-03-31 15:23:23'),
	(45, '', '56fcd303eb8c9.jpg', '2016-03-31/56fcd303eb8c9.jpg', '2016-03-31/56fcd303eb8c9.jpg', '', 0, 'jpg', NULL, NULL, 0, '127.0.0.1', 1, '2016-03-31 15:34:27'),
	(46, '', '56fcd56971fbe.jpg', '2016-03-31/56fcd56971fbe.jpg', '2016-03-31/56fcd56971fbe.jpg', '', 0, 'jpg', NULL, NULL, 0, '127.0.0.1', 1, '2016-03-31 15:44:41'),
	(47, '', '56fce7cc02410.jpg', '2016-03-31/56fce7cc02410.jpg', '2016-03-31/56fce7cc02410.jpg', '', 0, 'jpg', NULL, NULL, 0, '127.0.0.1', 1, '2016-03-31 17:03:08'),
	(48, '', '56fce8bc01a0e.jpg', '2016-03-31/56fce8bc01a0e.jpg', '2016-03-31/56fce8bc01a0e.jpg', '', 0, 'jpg', NULL, NULL, 0, '127.0.0.1', 1, '2016-03-31 17:07:08'),
	(49, '', '56fce9126a39b.jpg', '2016-03-31/56fce9126a39b.jpg', '2016-03-31/56fce9126a39b.jpg', '', 0, 'jpg', NULL, NULL, 0, '127.0.0.1', 1, '2016-03-31 17:08:34'),
	(50, '', '56fcef32920c3.png', '2016-03-31/56fcef32920c3.png', '2016-03-31/56fcef32920c3.png', '', 0, 'png', NULL, NULL, 0, '127.0.0.1', 1, '2016-03-31 17:34:42'),
	(51, '', '56fcef3c7f0c5.jpg', '2016-03-31/56fcef3c7f0c5.jpg', '2016-03-31/56fcef3c7f0c5.jpg', '', 0, 'jpg', NULL, NULL, 0, '127.0.0.1', 1, '2016-03-31 17:34:52'),
	(52, '', '56fcf55d732d4.png', '2016-03-31/56fcf55d732d4.png', '2016-03-31/56fcf55d732d4.png', '', 0, 'png', NULL, NULL, 0, '127.0.0.1', 1, '2016-03-31 18:01:01'),
	(53, '', '56fcf5e5e81f8.jpg', '2016-03-31/56fcf5e5e81f8.jpg', '2016-03-31/56fcf5e5e81f8.jpg', '', 0, 'jpg', NULL, NULL, 0, '127.0.0.1', 1, '2016-03-31 18:03:17'),
	(54, '', '56fdd77927f9f.png', '2016-04-01/56fdd77927f9f.png', '2016-04-01/56fdd77927f9f.png', '', 0, 'png', NULL, NULL, 0, '127.0.0.1', 1, '2016-04-01 10:05:45'),
	(55, '', '56fdd78c0b6e7.png', '2016-04-01/56fdd78c0b6e7.png', '2016-04-01/56fdd78c0b6e7.png', '', 0, 'png', NULL, NULL, 0, '127.0.0.1', 1, '2016-04-01 10:06:04'),
	(56, '', '56fdd7c93ba63.png', '2016-04-01/56fdd7c93ba63.png', '2016-04-01/56fdd7c93ba63.png', '', 0, 'png', NULL, NULL, 0, '127.0.0.1', 1, '2016-04-01 10:07:05'),
	(57, '', '56fdd7ced4cdd.png', '2016-04-01/56fdd7ced4cdd.png', '2016-04-01/56fdd7ced4cdd.png', '', 0, 'png', NULL, NULL, 0, '127.0.0.1', 1, '2016-04-01 10:07:10'),
	(58, '', '56fdd8f146dd0.png', '2016-04-01/56fdd8f146dd0.png', '2016-04-01/56fdd8f146dd0.png', '', 0, 'png', NULL, NULL, 0, '127.0.0.1', 1, '2016-04-01 10:12:01'),
	(59, '', '57038db8ec7f7.jpg', '2016-04-05/57038db8ec7f7.jpg', '2016-04-05/57038db8ec7f7.jpg', '', 0, 'jpg', NULL, NULL, 0, '127.0.0.1', 1, '2016-04-05 18:04:40'),
	(60, '', '57038e13be043.jpg', '2016-04-05/57038e13be043.jpg', '2016-04-05/57038e13be043.jpg', '', 0, 'jpg', NULL, NULL, 0, '127.0.0.1', 1, '2016-04-05 18:06:11'),
	(61, '', '57038f3e71032.jpg', '2016-04-05/57038f3e71032.jpg', '2016-04-05/57038f3e71032.jpg', '', 0, 'jpg', NULL, NULL, 0, '116.7.233.118', 1, '2016-04-05 18:11:10'),
	(62, '', '5704afd3e454e.jpg', '2016-04-06/5704afd3e454e.jpg', '2016-04-06/5704afd3e454e.jpg', '', 0, 'jpg', NULL, NULL, 0, '127.0.0.1', 1, '2016-04-06 14:42:27'),
	(63, '', '5704afeed7097.jpg', '2016-04-06/5704afeed7097.jpg', '2016-04-06/5704afeed7097.jpg', '', 0, 'jpg', NULL, NULL, 0, '116.7.233.118', 1, '2016-04-06 14:42:54'),
	(64, '', '5707439ac6047.JPG', '2016-04-08/5707439ac6047.JPG', '2016-04-08/5707439ac6047.JPG', '', 0, 'JPG', NULL, NULL, 0, '222.131.152.12', 1, '2016-04-08 13:37:30'),
	(65, '', '570743aa188a7.jpg', '2016-04-08/570743aa188a7.jpg', '2016-04-08/570743aa188a7.jpg', '', 0, 'jpg', NULL, NULL, 0, '222.131.152.12', 1, '2016-04-08 13:37:46'),
	(66, '', '57074442d94b3.jpg', '2016-04-08/57074442d94b3.jpg', '2016-04-08/57074442d94b3.jpg', '', 0, 'jpg', NULL, NULL, 0, '222.131.152.12', 1, '2016-04-08 13:40:18'),
	(67, '', '570744bc489c2.jpg', '2016-04-08/570744bc489c2.jpg', '2016-04-08/570744bc489c2.jpg', '', 0, 'jpg', NULL, NULL, 0, '222.131.152.12', 1, '2016-04-08 13:42:20'),
	(68, '', '570744cc90150.jpg', '2016-04-08/570744cc90150.jpg', '2016-04-08/570744cc90150.jpg', '', 0, 'jpg', NULL, NULL, 0, '222.131.152.12', 1, '2016-04-08 13:42:36'),
	(69, '', '57074545671b4.jpg', '2016-04-08/57074545671b4.jpg', '2016-04-08/57074545671b4.jpg', '', 0, 'jpg', NULL, NULL, 0, '222.131.152.12', 1, '2016-04-08 13:44:37'),
	(70, '', '5707455167ac4.png', '2016-04-08/5707455167ac4.png', '2016-04-08/5707455167ac4.png', '', 0, 'png', NULL, NULL, 0, '222.131.152.12', 1, '2016-04-08 13:44:49'),
	(71, '', '5707473494b05.jpg', '2016-04-08/5707473494b05.jpg', '2016-04-08/5707473494b05.jpg', '', 0, 'jpg', NULL, NULL, 0, '222.131.152.12', 1, '2016-04-08 13:52:52'),
	(72, '{D258A30B-42DC-4B7C-A34D-F8F20DC858AE}.png', '57074de88a9d3.png', '2016-04-08/57074de88a9d3.png', '2016-04-08/57074de88a9d3.png', '{"100x90":"2016-04-08\\/57074de88a9d3100x90.png","80x44":"2016-04-08\\/57074de88a9d380x44.png"}', 275381, 'png', NULL, NULL, 0, '127.0.0.1', 1, '2016-04-08 14:21:28'),
	(73, '', '5707841a13c1c.jpg', '2016-04-08/5707841a13c1c.jpg', '2016-04-08/5707841a13c1c.jpg', '', 0, 'jpg', NULL, NULL, 0, '218.17.157.203', 1, '2016-04-08 18:12:42'),
	(74, '', '57078422a228a.jpg', '2016-04-08/57078422a228a.jpg', '2016-04-08/57078422a228a.jpg', '', 0, 'jpg', NULL, NULL, 0, '218.17.157.203', 1, '2016-04-08 18:12:50'),
	(75, '', '57078430f408d.jpg', '2016-04-08/57078430f408d.jpg', '2016-04-08/57078430f408d.jpg', '', 0, 'jpg', NULL, NULL, 0, '218.17.157.203', 1, '2016-04-08 18:13:04'),
	(76, '', '5707843e62e9d.jpg', '2016-04-08/5707843e62e9d.jpg', '2016-04-08/5707843e62e9d.jpg', '', 0, 'jpg', NULL, NULL, 0, '218.17.157.203', 1, '2016-04-08 18:13:18'),
	(77, 'bg-2.jpg', '570ddb2d8b892.jpg', '2016-04-13/570ddb2d8b892.jpg', '2016-04-13/570ddb2d8b892.jpg', '{"100x90":"2016-04-13\\/570ddb2d8b892100x90.jpg","80x44":"2016-04-13\\/570ddb2d8b89280x44.jpg"}', 3818, 'jpg', NULL, NULL, 0, '127.0.0.1', 1, '2016-04-13 13:37:49'),
	(78, 'Desert.jpg', '570de3719b2b2.jpg', '2016-04-13/570de3719b2b2.jpg', '2016-04-13/570de3719b2b2.jpg', '{"100x90":"2016-04-13\\/570de3719b2b2100x90.jpg","80x44":"2016-04-13\\/570de3719b2b280x44.jpg"}', 845941, 'jpg', NULL, NULL, 0, '127.0.0.1', 1, '2016-04-13 14:13:05'),
	(79, '', '57109ae4ed359.png', '2016-04-15/57109ae4ed359.png', '2016-04-15/57109ae4ed359.png', '', 0, 'png', NULL, NULL, 0, '127.0.0.1', 1, '2016-04-15 15:40:20'),
	(80, '', '57135e824bb80.jpg', '2016-04-17/57135e824bb80.jpg', '2016-04-17/57135e824bb80.jpg', '', 0, 'jpg', NULL, NULL, 0, '1.194.20.32', 1, '2016-04-17 17:59:30'),
	(81, '', '5715a47c36c05.jpg', '2016-04-19/5715a47c36c05.jpg', '2016-04-19/5715a47c36c05.jpg', '', 0, 'jpg', NULL, NULL, 0, '219.130.237.207', 1, '2016-04-19 11:22:36'),
	(82, '', '5716e7cb8aedb.png', '2016-04-20/5716e7cb8aedb.png', '2016-04-20/5716e7cb8aedb.png', '', 0, 'png', NULL, NULL, 0, '183.38.223.131', 1, '2016-04-20 10:22:03'),
	(83, '', '5716ec1d74d9f.png', '2016-04-20/5716ec1d74d9f.png', '2016-04-20/5716ec1d74d9f.png', '', 0, 'png', NULL, NULL, 0, '183.38.223.131', 1, '2016-04-20 10:40:29'),
	(84, '', '571721803a9f6.png', '2016-04-20/571721803a9f6.png', '2016-04-20/571721803a9f6.png', '', 0, 'png', NULL, NULL, 0, '116.7.233.118', 1, '2016-04-20 14:28:16'),
	(85, '', '57172192e6a6f.png', '2016-04-20/57172192e6a6f.png', '2016-04-20/57172192e6a6f.png', '', 0, 'png', NULL, NULL, 0, '116.7.233.118', 1, '2016-04-20 14:28:34'),
	(86, '', '571721aa724e9.png', '2016-04-20/571721aa724e9.png', '2016-04-20/571721aa724e9.png', '', 0, 'png', NULL, NULL, 0, '116.7.233.118', 1, '2016-04-20 14:28:58'),
	(87, '', '5717223ee973a.png', '2016-04-20/5717223ee973a.png', '2016-04-20/5717223ee973a.png', '', 0, 'png', NULL, NULL, 0, '116.7.233.118', 1, '2016-04-20 14:31:26'),
	(88, '', '57172250ad8e4.png', '2016-04-20/57172250ad8e4.png', '2016-04-20/57172250ad8e4.png', '', 0, 'png', NULL, NULL, 0, '116.7.233.118', 1, '2016-04-20 14:31:44'),
	(89, '', '5717226a76da8.png', '2016-04-20/5717226a76da8.png', '2016-04-20/5717226a76da8.png', '', 0, 'png', NULL, NULL, 0, '116.7.233.118', 1, '2016-04-20 14:32:10'),
	(90, '', '57172320d0515.png', '2016-04-20/57172320d0515.png', '2016-04-20/57172320d0515.png', '', 0, 'png', NULL, NULL, 0, '116.7.233.118', 1, '2016-04-20 14:35:12'),
	(91, '', '5717370c1ea66.png', '2016-04-20/5717370c1ea66.png', '2016-04-20/5717370c1ea66.png', '', 0, 'png', NULL, NULL, 0, '116.7.233.118', 1, '2016-04-20 16:00:12'),
	(92, '', '571738a5b3808.png', '2016-04-20/571738a5b3808.png', '2016-04-20/571738a5b3808.png', '', 0, 'png', NULL, NULL, 0, '116.7.233.118', 1, '2016-04-20 16:07:01'),
	(93, '', '571738b6c21bf.png', '2016-04-20/571738b6c21bf.png', '2016-04-20/571738b6c21bf.png', '', 0, 'png', NULL, NULL, 0, '116.7.233.118', 1, '2016-04-20 16:07:18'),
	(94, '', '5718b47d858ad.jpg', '2016-04-21/5718b47d858ad.jpg', '2016-04-21/5718b47d858ad.jpg', '', 0, 'jpg', NULL, NULL, 0, '106.114.34.125', 1, '2016-04-21 19:07:41'),
	(95, '', '5719843f57457.jpg', '2016-04-22/5719843f57457.jpg', '2016-04-22/5719843f57457.jpg', '', 0, 'jpg', NULL, NULL, 0, '36.47.65.167', 1, '2016-04-22 09:54:07'),
	(96, '', '571a54b979121.jpg', '2016-04-23/571a54b979121.jpg', '2016-04-23/571a54b979121.jpg', '', 0, 'jpg', NULL, NULL, 0, '183.228.2.201', 1, '2016-04-23 00:43:37'),
	(97, '', '571c9c4929b55.png', '2016-04-24/571c9c4929b55.png', '2016-04-24/571c9c4929b55.png', '', 0, 'png', NULL, NULL, 0, '127.0.0.1', 1, '2016-04-24 18:13:29'),
	(98, '', '571c9c5e54aa2.jpg', '2016-04-24/571c9c5e54aa2.jpg', '2016-04-24/571c9c5e54aa2.jpg', '', 0, 'jpg', NULL, NULL, 0, '127.0.0.1', 1, '2016-04-24 18:13:50'),
	(99, '', '571f090d14052.png', '2016-04-26/571f090d14052.png', '2016-04-26/571f090d14052.png', '', 0, 'png', NULL, NULL, 0, '127.0.0.1', 1, '2016-04-26 14:22:05'),
	(100, '', '571f0b932075a.png', '2016-04-26/571f0b932075a.png', '2016-04-26/571f0b932075a.png', '', 0, 'png', NULL, NULL, 0, '127.0.0.1', 1, '2016-04-26 14:32:51'),
	(101, '', '571f0bb4d6924.png', '2016-04-26/571f0bb4d6924.png', '2016-04-26/571f0bb4d6924.png', '', 0, 'png', NULL, NULL, 0, '127.0.0.1', 1, '2016-04-26 14:33:24'),
	(102, '', '571f0bdb4bf2a.png', '2016-04-26/571f0bdb4bf2a.png', '2016-04-26/571f0bdb4bf2a.png', '', 0, 'png', NULL, NULL, 0, '127.0.0.1', 1, '2016-04-26 14:34:03'),
	(103, '', '571f0c09bd63c.png', '2016-04-26/571f0c09bd63c.png', '2016-04-26/571f0c09bd63c.png', '', 0, 'png', NULL, NULL, 0, '127.0.0.1', 1, '2016-04-26 14:34:49'),
	(104, '', '571f0c3f69e91.png', '2016-04-26/571f0c3f69e91.png', '2016-04-26/571f0c3f69e91.png', '', 0, 'png', NULL, NULL, 0, '127.0.0.1', 1, '2016-04-26 14:35:43'),
	(105, '', '571f0c404973b.png', '2016-04-26/571f0c404973b.png', '2016-04-26/571f0c404973b.png', '', 0, 'png', NULL, NULL, 0, '127.0.0.1', 1, '2016-04-26 14:35:44'),
	(106, '', '571f0c6ff1992.png', '2016-04-26/571f0c6ff1992.png', '2016-04-26/571f0c6ff1992.png', '', 0, 'png', NULL, NULL, 0, '127.0.0.1', 1, '2016-04-26 14:36:31'),
	(107, '', '571f0c70dd1a7.png', '2016-04-26/571f0c70dd1a7.png', '2016-04-26/571f0c70dd1a7.png', '', 0, 'png', NULL, NULL, 0, '127.0.0.1', 1, '2016-04-26 14:36:32'),
	(109, '演示.png', '571f16627250c.png', '2016-04-26/571f16627250c.png', '2016-04-26/571f16627250c.png', '', 0, 'png', NULL, NULL, 0, '127.0.0.1', 1, '2016-04-26 15:18:58'),
	(110, '演示.png', '571f235923e6e.png', '2016-04-26/571f235923e6e.png', '2016-04-26/571f235923e6e.png', '', 0, 'png', NULL, NULL, 0, '127.0.0.1', 1, '2016-04-26 16:14:17'),
	(111, '演示.png', '571f238b7b466.png', '2016-04-26/571f238b7b466.png', '2016-04-26/571f238b7b466.png', '', 0, 'png', NULL, NULL, 0, '127.0.0.1', 1, '2016-04-26 16:15:07'),
	(112, 'QQ截图20160405181129.png', '571f23f55dfde.png', '2016-04-26/571f23f55dfde.png', '2016-04-26/571f23f55dfde.png', '', 0, 'png', NULL, NULL, 0, '127.0.0.1', 1, '2016-04-26 16:16:53'),
	(113, '演示.png', '571f2438c8e40.png', '2016-04-26/571f2438c8e40.png', '2016-04-26/571f2438c8e40.png', '', 0, 'png', NULL, NULL, 0, '127.0.0.1', 1, '2016-04-26 16:18:00'),
	(114, '{B1789B83-1FD3-4141-8D15-48268F98C772}.jpg', '571f245b1bc91.jpg', '2016-04-26/571f245b1bc91.jpg', '2016-04-26/571f245b1bc91.jpg', '', 0, 'jpg', NULL, NULL, 0, '127.0.0.1', 1, '2016-04-26 16:18:35'),
	(115, '{B1789B83-1FD3-4141-8D15-48268F98C772}.jpg', '571f248412590.jpg', '2016-04-26/571f248412590.jpg', '2016-04-26/571f248412590.jpg', '', 0, 'jpg', NULL, NULL, 0, '127.0.0.1', 1, '2016-04-26 16:19:16'),
	(116, '{381DF968-58D8-467D-8E4E-B72227F625C0}.png', '571f24f784824.png', '2016-04-26/571f24f784824.png', '2016-04-26/571f24f784824.png', '', 0, 'png', NULL, NULL, 0, '127.0.0.1', 1, '2016-04-26 16:21:11'),
	(117, 'QQ截图20160219155829.png', '571f25a98e51b.png', '2016-04-26/571f25a98e51b.png', '2016-04-26/571f25a98e51b.png', '', 0, 'png', NULL, NULL, 0, '127.0.0.1', 1, '2016-04-26 16:24:09'),
	(118, '{381DF968-58D8-467D-8E4E-B72227F625C0}.png', '571f26237cfa9.png', '2016-04-26/571f26237cfa9.png', '2016-04-26/571f26237cfa9.png', '', 0, 'png', NULL, NULL, 0, '127.0.0.1', 1, '2016-04-26 16:26:11'),
	(119, '{381DF968-58D8-467D-8E4E-B72227F625C0}.png', '571f26b5730de.png', '2016-04-26/571f26b5730de.png', '2016-04-26/571f26b5730de.png', '', 0, 'png', NULL, NULL, 0, '127.0.0.1', 1, '2016-04-26 16:28:37'),
	(120, '{B1789B83-1FD3-4141-8D15-48268F98C772}.jpg', '571f26cb6477d.jpg', '2016-04-26/571f26cb6477d.jpg', '2016-04-26/571f26cb6477d.jpg', '', 0, 'jpg', NULL, NULL, 0, '127.0.0.1', 1, '2016-04-26 16:28:59'),
	(121, '{381DF968-58D8-467D-8E4E-B72227F625C0}.png', '571f26ea5f491.png', '2016-04-26/571f26ea5f491.png', '2016-04-26/571f26ea5f491.png', '', 0, 'png', NULL, NULL, 0, '127.0.0.1', 1, '2016-04-26 16:29:30'),
	(122, '{381DF968-58D8-467D-8E4E-B72227F625C0}.png', '571f2715244fe.png', '2016-04-26/571f2715244fe.png', '2016-04-26/571f2715244fe.png', '', 0, 'png', NULL, NULL, 0, '127.0.0.1', 1, '2016-04-26 16:30:13'),
	(123, '{B1789B83-1FD3-4141-8D15-48268F98C772}.jpg', '571f275f32492.jpg', '2016-04-26/571f275f32492.jpg', '2016-04-26/571f275f32492.jpg', '', 0, 'jpg', NULL, NULL, 0, '127.0.0.1', 1, '2016-04-26 16:31:27'),
	(124, '{381DF968-58D8-467D-8E4E-B72227F625C0}.png', '571f2771395f9.png', '2016-04-26/571f2771395f9.png', '2016-04-26/571f2771395f9.png', '', 0, 'png', NULL, NULL, 0, '127.0.0.1', 1, '2016-04-26 16:31:45'),
	(125, '{B1789B83-1FD3-4141-8D15-48268F98C772}.jpg', '571f277251120.jpg', '2016-04-26/571f277251120.jpg', '2016-04-26/571f277251120.jpg', '', 0, 'jpg', NULL, NULL, 0, '127.0.0.1', 1, '2016-04-26 16:31:46'),
	(126, '{D258A30B-42DC-4B7C-A34D-F8F20DC858AE}.png', '571f2773426f6.png', '2016-04-26/571f2773426f6.png', '2016-04-26/571f2773426f6.png', '', 0, 'png', NULL, NULL, 0, '127.0.0.1', 1, '2016-04-26 16:31:47'),
	(127, 'QQ截图20160219155829.png', '571f277459a4c.png', '2016-04-26/571f277459a4c.png', '2016-04-26/571f277459a4c.png', '', 0, 'png', NULL, NULL, 0, '127.0.0.1', 1, '2016-04-26 16:31:48'),
	(128, '{381DF968-58D8-467D-8E4E-B72227F625C0}.png', '571f28752d60e.png', '2016-04-26/571f28752d60e.png', '2016-04-26/571f28752d60e.png', '', 0, 'png', NULL, NULL, 0, '127.0.0.1', 1, '2016-04-26 16:36:05'),
	(129, '{B1789B83-1FD3-4141-8D15-48268F98C772}.jpg', '571f2878e7b5d.jpg', '2016-04-26/571f2878e7b5d.jpg', '2016-04-26/571f2878e7b5d.jpg', '', 0, 'jpg', NULL, NULL, 0, '127.0.0.1', 1, '2016-04-26 16:36:08'),
	(130, 'QQ截图20160219155829.png', '571f288011b2c.png', '2016-04-26/571f288011b2c.png', '2016-04-26/571f288011b2c.png', '', 0, 'png', NULL, NULL, 0, '127.0.0.1', 1, '2016-04-26 16:36:16'),
	(131, 'Jellyfish.jpg', '571f28864c9f9.jpg', '2016-04-26/571f28864c9f9.jpg', '2016-04-26/571f28864c9f9.jpg', '', 0, 'jpg', NULL, NULL, 0, '127.0.0.1', 1, '2016-04-26 16:36:22'),
	(132, 'Jellyfish', '571f2a7c24c19.jpg', '2016-04-26/571f2a7c24c19.jpg', '2016-04-26/571f2a7c24c19.jpg', '', 0, 'jpg', NULL, NULL, 0, '127.0.0.1', 1, '2016-04-26 16:44:44'),
	(133, 'Tulips', '571f2a852658c.jpg', '2016-04-26/571f2a852658c.jpg', '2016-04-26/571f2a852658c.jpg', '', 0, 'jpg', NULL, NULL, 0, '127.0.0.1', 1, '2016-04-26 16:44:53'),
	(134, '', '571f2a8cafa8c.png', '2016-04-26/571f2a8cafa8c.png', '2016-04-26/571f2a8cafa8c.png', '', 0, 'png', NULL, NULL, 0, '127.0.0.1', 1, '2016-04-26 16:45:00'),
	(135, '演示.png', '571f2ab9e63ef.png', '2016-04-26/571f2ab9e63ef.png', '2016-04-26/571f2ab9e63ef.png', '', 0, 'png', NULL, NULL, 0, '127.0.0.1', 1, '2016-04-26 16:45:45'),
	(136, '.png', '571f2b0404794.png', '2016-04-26/571f2b0404794.png', '2016-04-26/571f2b0404794.png', '', 0, 'png', NULL, NULL, 0, '127.0.0.1', 1, '2016-04-26 16:47:00'),
	(137, '演示', '571f2b3e847cf.png', '2016-04-26/571f2b3e847cf.png', '2016-04-26/571f2b3e847cf.png', '', 0, 'png', NULL, NULL, 0, '127.0.0.1', 1, '2016-04-26 16:47:58'),
	(138, '演示', '571f394f0c999.png', '2016-04-26/571f394f0c999.png', '2016-04-26/571f394f0c999.png', '', 0, 'png', NULL, NULL, 0, '127.0.0.1', 1, '2016-04-26 17:47:59'),
	(139, '演示', '5720205c27000.png', '2016-04-27/5720205c27000.png', '2016-04-27/5720205c27000.png', '', 0, 'png', NULL, NULL, 0, '127.0.0.1', 1, '2016-04-27 10:13:48'),
	(140, 'QQ截图20160405181129', '5720264c43102.png', '2016-04-27/5720264c43102.png', '2016-04-27/5720264c43102.png', '', 0, 'png', NULL, NULL, 0, '127.0.0.1', 1, '2016-04-27 10:39:08'),
	(141, '演示', '5720265167060.png', '2016-04-27/5720265167060.png', '2016-04-27/5720265167060.png', '', 0, 'png', NULL, NULL, 0, '127.0.0.1', 1, '2016-04-27 10:39:13'),
	(142, '演示', '572027e925ac1.png', '2016-04-27/572027e925ac1.png', '2016-04-27/572027e925ac1.png', '', 0, 'png', NULL, NULL, 0, '127.0.0.1', 1, '2016-04-27 10:46:01'),
	(143, 'QQ20160426-0', '5724b972ab6d0.png', '2016-04-30/5724b972ab6d0.png', '2016-04-30/5724b972ab6d0.png', '', 0, 'png', NULL, NULL, 0, '127.0.0.1', 1, '2016-04-30 21:56:02'),
	(144, 'psb', '572f4673daf8b.jpg', '2016-05-08/572f4673daf8b.jpg', '2016-05-08/572f4673daf8b.jpg', '', 0, 'jpg', NULL, NULL, 0, '61.153.150.102', 1, '2016-05-08 22:00:19'),
	(145, '1347786462362副本', '573464e779c30.jpg', '2016-05-12/573464e779c30.jpg', '2016-05-12/573464e779c30.jpg', '', 0, 'jpg', NULL, NULL, 0, '122.190.108.45', 1, '2016-05-12 19:11:35'),
	(146, 'logo', '5736c3aacc985.jpg', '2016-05-14/5736c3aacc985.jpg', '2016-05-14/5736c3aacc985.jpg', '', 0, 'jpg', NULL, NULL, 0, '60.173.244.85', 1, '2016-05-14 14:20:26'),
	(147, 'u=3779214530,603911240&fm=21&gp=0', '5736c3b696ff4.jpg', '2016-05-14/5736c3b696ff4.jpg', '2016-05-14/5736c3b696ff4.jpg', '', 0, 'jpg', NULL, NULL, 0, '60.173.244.85', 1, '2016-05-14 14:20:38'),
	(148, 'login_pic_auto', '57393ec703743.jpg', '2016-05-16/57393ec703743.jpg', '2016-05-16/57393ec703743.jpg', '', 0, 'jpg', NULL, NULL, 0, '59.174.95.7', 1, '2016-05-16 11:30:15'),
	(149, 'Tulips', '5742c00304036.jpg', '2016-05-23/5742c00304036.jpg', '2016-05-23/5742c00304036.jpg', '', 0, 'jpg', NULL, NULL, 0, '60.253.194.162', 1, '2016-05-23 16:32:03'),
	(150, '565ddc78e649a', '5742f9495c32d.jpg', '2016-05-23/5742f9495c32d.jpg', '2016-05-23/5742f9495c32d.jpg', '', 0, 'jpg', NULL, NULL, 0, '119.124.68.85', 1, '2016-05-23 20:36:25'),
	(151, 'ad', '5744b22e10c07.gif', '2016-05-25/5744b22e10c07.gif', '2016-05-25/5744b22e10c07.gif', '', 0, 'gif', NULL, NULL, 0, '78.49.129.40', 1, '2016-05-25 03:57:34'),
	(152, 'treeview-famfamfam', '5744b24095890.gif', '2016-05-25/5744b24095890.gif', '2016-05-25/5744b24095890.gif', '', 0, 'gif', NULL, NULL, 0, '78.49.129.40', 1, '2016-05-25 03:57:52'),
	(153, 'a06-mans6-eps (1233)', '57457193d0d52.jpg', '2016-05-25/57457193d0d52.jpg', '2016-05-25/57457193d0d52.jpg', '', 0, 'jpg', NULL, NULL, 0, '202.99.198.46', 1, '2016-05-25 17:34:11'),
	(154, 'showpic', '574e5082b3871.gif', '2016-06-01/574e5082b3871.gif', '2016-06-01/574e5082b3871.gif', '', 0, 'gif', NULL, NULL, 0, '39.167.162.116', 1, '2016-06-01 11:03:30'),
	(155, '下载', '575fb95793b5f.png', '2016-06-14/575fb95793b5f.png', '2016-06-14/575fb95793b5f.png', '', 0, 'png', NULL, NULL, 0, '110.84.32.249', 1, '2016-06-14 15:59:19'),
	(156, 'psb', '576a4c343c4a8.jpg', '2016-06-22/576a4c343c4a8.jpg', '2016-06-22/576a4c343c4a8.jpg', '', 0, 'jpg', NULL, NULL, 0, '218.17.161.94', 1, '2016-06-22 16:28:36'),
	(157, '金顺怡首页OK', '576a5f87599cc.jpg', '2016-06-22/576a5f87599cc.jpg', '2016-06-22/576a5f87599cc.jpg', '', 0, 'jpg', NULL, NULL, 0, '183.49.117.239', 1, '2016-06-22 17:51:03'),
	(158, '威盛新LOG', '576b893247c56.png', '2016-06-23/576b893247c56.png', '2016-06-23/576b893247c56.png', '', 0, 'png', NULL, NULL, 0, '183.49.117.239', 1, '2016-06-23 15:01:06'),
	(159, 'u=3435841374,1682510650&fm=21&gp=0', '576bc13929bfe.jpg', '2016-06-23/576bc13929bfe.jpg', '2016-06-23/576bc13929bfe.jpg', '', 0, 'jpg', NULL, NULL, 0, '222.209.10.195', 1, '2016-06-23 19:00:09'),
	(160, '横图', '577124db31449.jpg', '2016-06-27/577124db31449.jpg', '2016-06-27/577124db31449.jpg', '', 0, 'jpg', NULL, NULL, 0, '127.0.0.1', 1, '2016-06-27 21:06:35'),
	(161, '横图', '5771339aafc3d.jpg', '2016-06-27/5771339aafc3d.jpg', '2016-06-27/5771339aafc3d.jpg', '', 0, 'jpg', NULL, NULL, 0, '127.0.0.1', 1, '2016-06-27 22:09:30'),
	(162, '横图', '577133e16de2f.jpg', '2016-06-27/577133e16de2f.jpg', '2016-06-27/577133e16de2f.jpg', '', 0, 'jpg', NULL, NULL, 0, '127.0.0.1', 1, '2016-06-27 22:10:41'),
	(163, 'QQ20150115-1', '577135ceaf9b1.png', '2016-06-27/577135ceaf9b1.png', '2016-06-27/577135ceaf9b1.png', '', 0, 'png', NULL, NULL, 0, '127.0.0.1', 1, '2016-06-27 22:18:54'),
	(164, 'QQ20150113-6', '5771360623c08.png', '2016-06-27/5771360623c08.png', '2016-06-27/5771360623c08.png', '', 0, 'png', NULL, NULL, 0, '127.0.0.1', 1, '2016-06-27 22:19:50'),
	(165, 'QQ20150114-1', '57713d49dfe4c.png', '2016-06-27/57713d49dfe4c.png', '2016-06-27/57713d49dfe4c.png', '', 0, 'png', NULL, NULL, 0, '127.0.0.1', 1, '2016-06-27 22:50:49'),
	(166, 'QQ20150113-6', '57713dd48cd1f.png', '2016-06-27/57713dd48cd1f.png', '2016-06-27/57713dd48cd1f.png', '', 0, 'png', NULL, NULL, 0, '127.0.0.1', 1, '2016-06-27 22:53:08'),
	(167, 'QQ20150113-6', '5771432d79ee5.png', '2016-06-27/5771432d79ee5.png', '2016-06-27/5771432d79ee5.png', '', 0, 'png', NULL, NULL, 0, '127.0.0.1', 1, '2016-06-27 23:15:57'),
	(168, 'QQ20150113-5', '577143c98bd9c.png', '2016-06-27/577143c98bd9c.png', '2016-06-27/577143c98bd9c.png', '', 0, 'png', NULL, NULL, 0, '127.0.0.1', 1, '2016-06-27 23:18:33'),
	(169, 'QQ20150113-4', '577143f0c8472.png', '2016-06-27/577143f0c8472.png', '2016-06-27/577143f0c8472.png', '', 0, 'png', NULL, NULL, 0, '127.0.0.1', 1, '2016-06-27 23:19:12'),
	(170, 'QQ20150113-7', '577144e4eade0.png', '2016-06-27/577144e4eade0.png', '2016-06-27/577144e4eade0.png', '', 0, 'png', NULL, NULL, 0, '127.0.0.1', 1, '2016-06-27 23:23:16'),
	(171, 'QQ20150113-7', '577145565a5a5.png', '2016-06-27/577145565a5a5.png', '2016-06-27/577145565a5a5.png', '', 0, 'png', NULL, NULL, 0, '127.0.0.1', 1, '2016-06-27 23:25:10'),
	(172, 'QQ20150115-1', '57714576469e3.png', '2016-06-27/57714576469e3.png', '2016-06-27/57714576469e3.png', '', 0, 'png', NULL, NULL, 0, '127.0.0.1', 1, '2016-06-27 23:25:42'),
	(173, 'QQ20150113-7', '5771459b3e40e.png', '2016-06-27/5771459b3e40e.png', '2016-06-27/5771459b3e40e.png', '', 0, 'png', NULL, NULL, 0, '127.0.0.1', 1, '2016-06-27 23:26:19'),
	(174, 'QQ20150113-6', '577145a3ef0e2.png', '2016-06-27/577145a3ef0e2.png', '2016-06-27/577145a3ef0e2.png', '', 0, 'png', NULL, NULL, 0, '127.0.0.1', 1, '2016-06-27 23:26:27'),
	(175, 'QQ20150113-7', '577146bbbb103.png', '2016-06-27/577146bbbb103.png', '2016-06-27/577146bbbb103.png', '', 0, 'png', NULL, NULL, 0, '127.0.0.1', 1, '2016-06-27 23:31:07'),
	(176, 'QQ20150113-5', '577149a303757.png', '2016-06-27/577149a303757.png', '2016-06-27/577149a303757.png', '', 0, 'png', NULL, NULL, 0, '127.0.0.1', 1, '2016-06-27 23:43:31'),
	(177, 'xx (1)', '57714b54563ba.jpg', '2016-06-27/57714b54563ba.jpg', '2016-06-27/57714b54563ba.jpg', '', 0, 'jpg', NULL, NULL, 0, '127.0.0.1', 1, '2016-06-27 23:50:44'),
	(178, 'QQ20150113-1', '57714ba5dce0a.png', '2016-06-27/57714ba5dce0a.png', '2016-06-27/57714ba5dce0a.png', '', 0, 'png', NULL, NULL, 0, '127.0.0.1', 1, '2016-06-27 23:52:05'),
	(179, 'QQ20150114-1', '57714cd7ca787.png', '2016-06-27/57714cd7ca787.png', '2016-06-27/57714cd7ca787.png', '', 0, 'png', NULL, NULL, 0, '127.0.0.1', 1, '2016-06-27 23:57:11'),
	(180, '20160323093312107', '57732eb19959b.jpg', '2016-06-29/57732eb19959b.jpg', '2016-06-29/57732eb19959b.jpg', '', 0, 'jpg', NULL, NULL, 0, '127.0.0.1', 1, '2016-06-29 10:13:05'),
	(181, '20160323093312107', '5773670bc28dd.jpg', '2016-06-29/5773670bc28dd.jpg', '2016-06-29/5773670bc28dd.jpg', '', 0, 'jpg', NULL, NULL, 0, '127.0.0.1', 1, '2016-06-29 14:13:31'),
	(182, '20160323093314540', '5773670ca9e88.jpg', '2016-06-29/5773670ca9e88.jpg', '2016-06-29/5773670ca9e88.jpg', '', 0, 'jpg', NULL, NULL, 0, '127.0.0.1', 1, '2016-06-29 14:13:32'),
	(183, '20160323093314622', '5773670d94ae4.jpg', '2016-06-29/5773670d94ae4.jpg', '2016-06-29/5773670d94ae4.jpg', '', 0, 'jpg', NULL, NULL, 0, '127.0.0.1', 1, '2016-06-29 14:13:33'),
	(184, '20160323093326414', '5773670e7726f.jpg', '2016-06-29/5773670e7726f.jpg', '2016-06-29/5773670e7726f.jpg', '', 0, 'jpg', NULL, NULL, 0, '127.0.0.1', 1, '2016-06-29 14:13:34'),
	(185, '20160323093312107', '5773765955614.jpg', '2016-06-29/5773765955614.jpg', '2016-06-29/5773765955614.jpg', '', 0, 'jpg', NULL, NULL, 0, '127.0.0.1', 1, '2016-06-29 15:18:49'),
	(186, '20160323093314540', '5773765a4dec0.jpg', '2016-06-29/5773765a4dec0.jpg', '2016-06-29/5773765a4dec0.jpg', '', 0, 'jpg', NULL, NULL, 0, '127.0.0.1', 1, '2016-06-29 15:18:50'),
	(187, '20160323093314622', '5773765b4644b.jpg', '2016-06-29/5773765b4644b.jpg', '2016-06-29/5773765b4644b.jpg', '', 0, 'jpg', NULL, NULL, 0, '127.0.0.1', 1, '2016-06-29 15:18:51'),
	(188, '20160323093326414', '5773765c3193d.jpg', '2016-06-29/5773765c3193d.jpg', '2016-06-29/5773765c3193d.jpg', '', 0, 'jpg', NULL, NULL, 0, '127.0.0.1', 1, '2016-06-29 15:18:52'),
	(189, 'QQ20160630-2', '5775242e1eb5c.png', '2016-06-30/5775242e1eb5c.png', '2016-06-30/5775242e1eb5c.png', '', 0, 'png', NULL, NULL, 0, '127.0.0.1', 1, '2016-06-30 21:52:46'),
	(190, 'QQ20160630-1', '5775242f15eeb.png', '2016-06-30/5775242f15eeb.png', '2016-06-30/5775242f15eeb.png', '', 0, 'png', NULL, NULL, 0, '127.0.0.1', 1, '2016-06-30 21:52:47'),
	(191, 'QQ20160630-0', '5775243028ef2.png', '2016-06-30/5775243028ef2.png', '2016-06-30/5775243028ef2.png', '', 0, 'png', NULL, NULL, 0, '127.0.0.1', 1, '2016-06-30 21:52:48'),
	(192, 'QQ20160502-0', '577524313400e.png', '2016-06-30/577524313400e.png', '2016-06-30/577524313400e.png', '', 0, 'png', NULL, NULL, 0, '127.0.0.1', 1, '2016-06-30 21:52:49'),
	(193, 'QQ20160426-1', '577524325c3ed.png', '2016-06-30/577524325c3ed.png', '2016-06-30/577524325c3ed.png', '', 0, 'png', NULL, NULL, 0, '127.0.0.1', 1, '2016-06-30 21:52:50'),
	(194, 'QQ20160426-0', '57752433677f2.png', '2016-06-30/57752433677f2.png', '2016-06-30/57752433677f2.png', '', 0, 'png', NULL, NULL, 0, '127.0.0.1', 1, '2016-06-30 21:52:51'),
	(195, '7-16021G64T0457', '577524344cf38.jpg', '2016-06-30/577524344cf38.jpg', '2016-06-30/577524344cf38.jpg', '', 0, 'jpg', NULL, NULL, 0, '127.0.0.1', 1, '2016-06-30 21:52:52'),
	(196, 'QQ20160218-0', '57752435537ad.png', '2016-06-30/57752435537ad.png', '2016-06-30/57752435537ad.png', '', 0, 'png', NULL, NULL, 0, '127.0.0.1', 1, '2016-06-30 21:52:53'),
	(197, 'QQ20160126-1', '57752436a5239.png', '2016-06-30/57752436a5239.png', '2016-06-30/57752436a5239.png', '', 0, 'png', NULL, NULL, 0, '127.0.0.1', 1, '2016-06-30 21:52:54'),
	(198, 'QQ20160126-0', '5775243795fb5.png', '2016-06-30/5775243795fb5.png', '2016-06-30/5775243795fb5.png', '', 0, 'png', NULL, NULL, 0, '127.0.0.1', 1, '2016-06-30 21:52:55'),
	(199, 'QQ20160218-0', '57790ee8d5254.png', '2016-07-03/57790ee8d5254.png', '2016-07-03/57790ee8d5254.png', '', 0, 'png', NULL, NULL, 0, '127.0.0.1', 1, '2016-07-03 21:11:04'),
	(200, '2', '57791243a3847.jpg', '2016-07-03/57791243a3847.jpg', '2016-07-03/57791243a3847.jpg', '', 0, 'jpg', NULL, NULL, 0, '127.0.0.1', 1, '2016-07-03 21:25:23'),
	(201, '1', '57791521b6eb4.jpg', '2016-07-03/57791521b6eb4.jpg', '2016-07-03/57791521b6eb4.jpg', '', 0, 'jpg', NULL, NULL, 0, '119.122.246.113', 1, '2016-07-03 21:37:37'),
	(202, '1', '57791553e2990.jpg', '2016-07-03/57791553e2990.jpg', '2016-07-03/57791553e2990.jpg', '', 0, 'jpg', NULL, NULL, 0, '119.122.246.113', 1, '2016-07-03 21:38:27'),
	(203, '2', '5779155447657.jpg', '2016-07-03/5779155447657.jpg', '2016-07-03/5779155447657.jpg', '', 0, 'jpg', NULL, NULL, 0, '119.122.246.113', 1, '2016-07-03 21:38:28'),
	(204, '客厅', '577915547e8b4.jpg', '2016-07-03/577915547e8b4.jpg', '2016-07-03/577915547e8b4.jpg', '', 0, 'jpg', NULL, NULL, 0, '119.122.246.113', 1, '2016-07-03 21:38:28'),
	(205, '10', '577915add1abb.jpg', '2016-07-03/577915add1abb.jpg', '2016-07-03/577915add1abb.jpg', '', 0, 'jpg', NULL, NULL, 0, '119.122.246.113', 1, '2016-07-03 21:39:57'),
	(206, '11', '577915aed2549.jpg', '2016-07-03/577915aed2549.jpg', '2016-07-03/577915aed2549.jpg', '', 0, 'jpg', NULL, NULL, 0, '119.122.246.113', 1, '2016-07-03 21:39:58'),
	(207, '12', '577915b0ed129.jpg', '2016-07-03/577915b0ed129.jpg', '2016-07-03/577915b0ed129.jpg', '', 0, 'jpg', NULL, NULL, 0, '119.122.246.113', 1, '2016-07-03 21:40:00'),
	(208, '13', '577915bbbc6c5.jpg', '2016-07-03/577915bbbc6c5.jpg', '2016-07-03/577915bbbc6c5.jpg', '', 0, 'jpg', NULL, NULL, 0, '119.122.246.113', 1, '2016-07-03 21:40:11'),
	(209, '14', '577915bd90988.jpg', '2016-07-03/577915bd90988.jpg', '2016-07-03/577915bd90988.jpg', '', 0, 'jpg', NULL, NULL, 0, '119.122.246.113', 1, '2016-07-03 21:40:13'),
	(210, '15_', '577915be86658.jpg', '2016-07-03/577915be86658.jpg', '2016-07-03/577915be86658.jpg', '', 0, 'jpg', NULL, NULL, 0, '119.122.246.113', 1, '2016-07-03 21:40:14'),
	(211, '0fd98794a4c27d1e3b0a06c51cd5ad6edcc438ed', '57792d7ba3ad8.jpg', '2016-07-03/57792d7ba3ad8.jpg', '2016-07-03/57792d7ba3ad8.jpg', '', 0, 'jpg', NULL, NULL, 0, '115.35.247.58', 1, '2016-07-03 23:21:31'),
	(212, '0fcc2834349b033b62b3f2de12ce36d3d439bde5', '57792d917579c.jpg', '2016-07-03/57792d917579c.jpg', '2016-07-03/57792d917579c.jpg', '', 0, 'jpg', NULL, NULL, 0, '115.35.247.58', 1, '2016-07-03 23:21:53'),
	(213, '20160323093312107', '577e15555efb7.jpg', '2016-07-07/577e15555efb7.jpg', '2016-07-07/577e15555efb7.jpg', '', 0, 'jpg', NULL, NULL, 0, '127.0.0.1', 1, '2016-07-07 16:39:49'),
	(214, 'Wildlife', '577e225a4f448.wmv', '2016-07-07/577e225a4f448.wmv', '2016-07-07/577e225a4f448.wmv', '', 0, 'wmv', NULL, NULL, 0, '127.0.0.1', 1, '2016-07-07 17:35:22'),
	(215, 'Wildlife', '577e229c06b2e.wmv', '2016-07-07/577e229c06b2e.wmv', '2016-07-07/577e229c06b2e.wmv', '', 0, 'wmv', NULL, NULL, 0, '127.0.0.1', 1, '2016-07-07 17:36:28'),
	(216, 'Wildlife', '577e2609f258e.wmv', '2016-07-07/577e2609f258e.wmv', '2016-07-07/577e2609f258e.wmv', '', 0, 'wmv', NULL, NULL, 0, '127.0.0.1', 1, '2016-07-07 17:51:05'),
	(217, 'Wildlife', '577e26e02c2a9.wmv', '2016-07-07/577e26e02c2a9.wmv', '2016-07-07/577e26e02c2a9.wmv', '', 0, 'wmv', NULL, NULL, 0, '127.0.0.1', 1, '2016-07-07 17:54:40'),
	(218, 'Wildlife', '577e270a669e1.wmv', '2016-07-07/577e270a669e1.wmv', '2016-07-07/577e270a669e1.wmv', '', 0, 'wmv', NULL, NULL, 0, '127.0.0.1', 1, '2016-07-07 17:55:22'),
	(219, 'Wildlife', '577e274e000bb.wmv', '2016-07-07/577e274e000bb.wmv', '2016-07-07/577e274e000bb.wmv', '', 0, 'wmv', NULL, NULL, 0, '127.0.0.1', 1, '2016-07-07 17:56:30'),
	(220, 'Wildlife', '577e27e367f05.wmv', '2016-07-07/577e27e367f05.wmv', '2016-07-07/577e27e367f05.wmv', '', 0, 'wmv', NULL, NULL, 0, '127.0.0.1', 1, '2016-07-07 17:58:59'),
	(221, 'Wildlife', '577e29e5cc624.wmv', '2016-07-07/577e29e5cc624.wmv', '2016-07-07/577e29e5cc624.wmv', '', 0, 'wmv', NULL, NULL, 0, '127.0.0.1', 1, '2016-07-07 18:07:33'),
	(222, 'Wildlife', '577e2bb5bbe9b.wmv', '2016-07-07/577e2bb5bbe9b.wmv', '2016-07-07/577e2bb5bbe9b.wmv', '', 0, 'wmv', NULL, NULL, 0, '127.0.0.1', 1, '2016-07-07 18:15:17'),
	(223, 'meinv', '5788582a01c5b.jpg', '2016-07-15/5788582a01c5b.jpg', '2016-07-15/5788582a01c5b.jpg', '', 0, 'jpg', NULL, NULL, 0, '59.51.114.198', 1, '2016-07-15 11:27:38'),
	(224, '4', '578f905f251e2.jpg', '2016-07-20/578f905f251e2.jpg', '2016-07-20/578f905f251e2.jpg', '', 0, 'jpg', NULL, NULL, 0, '175.9.186.217', 1, '2016-07-20 22:53:19'),
	(225, '2', '5790635795dcf.jpg', '2016-07-21/5790635795dcf.jpg', '2016-07-21/5790635795dcf.jpg', '', 0, 'jpg', NULL, NULL, 0, '114.97.110.157', 1, '2016-07-21 13:53:27'),
	(226, '20160323093314622', '5791b7a56d187.jpg', '2016-07-22/5791b7a56d187.jpg', '2016-07-22/5791b7a56d187.jpg', '', 0, 'jpg', NULL, NULL, 0, '218.17.161.94', 1, '2016-07-22 14:05:25'),
	(227, '323787-105', '57988669bcf13.jpg', '2016-07-27/57988669bcf13.jpg', '2016-07-27/57988669bcf13.jpg', '', 0, 'jpg', NULL, NULL, 0, '124.65.120.206', 1, '2016-07-27 18:01:13'),
	(228, 'logo', '579a9ec23d338.jpg', '2016-07-29/579a9ec23d338.jpg', '2016-07-29/579a9ec23d338.jpg', '', 0, 'jpg', NULL, NULL, 0, '119.164.215.194', 1, '2016-07-29 08:09:38'),
	(229, '100612-19', '57b3cedaaf44e.jpg', '2016-08-17/57b3cedaaf44e.jpg', '2016-08-17/57b3cedaaf44e.jpg', '', 0, 'jpg', NULL, NULL, 0, '180.175.4.133', 1, '2016-08-17 10:41:30'),
	(230, '16-37-59-90-839235', '57d8bd2079fb1.jpg', '2016-09-14/57d8bd2079fb1.jpg', '2016-09-14/57d8bd2079fb1.jpg', '', 0, 'jpg', NULL, NULL, 0, '127.0.0.1', 1, '2016-09-14 10:59:44'),
	(231, '15-10303-1650953', '57e0d5d7258ca.jpg', '2016-09-20/57e0d5d7258ca.jpg', '2016-09-20/57e0d5d7258ca.jpg', '', 0, 'jpg', NULL, NULL, 0, '127.0.0.1', 3, '2016-09-20 14:23:19'),
	(232, '569e08a1d7092phpkQxUtx', '57f9e79bf3859.png', '2016-10-09/57f9e79bf3859.png', '2016-10-09/57f9e79bf3859.png', '', 0, 'png', NULL, NULL, 0, '218.17.161.94', 1, '2016-10-09 14:45:47'),
	(233, 'psb', '57fda409142ee.jpg', '2016-10-12/57fda409142ee.jpg', '2016-10-12/57fda409142ee.jpg', '', 0, 'jpg', NULL, NULL, 0, '218.17.161.94', 1, '2016-10-12 10:46:33'),
	(234, '242411441385926_v2', '58209ad7b1ccc.jpg', '2016-11-07/58209ad7b1ccc.jpg', '2016-11-07/58209ad7b1ccc.jpg', '', 0, 'jpg', NULL, NULL, 0, '119.90.26.132', 1, '2016-11-07 23:16:39'),
	(235, '1', '58256f91d3658.jpg', '2016-11-11/58256f91d3658.jpg', '2016-11-11/58256f91d3658.jpg', '', 0, 'jpg', NULL, NULL, 0, '58.216.220.66', 1, '2016-11-11 15:13:21'),
	(236, 'kv', '5858f227c4531.png', '2016-12-20/5858f227c4531.png', '2016-12-20/5858f227c4531.png', '', 0, 'png', NULL, NULL, 0, '121.32.129.132', 1, '2016-12-20 16:56:07'),
	(237, '汉字', '5864add8431e2.jpg', '2016-12-29/5864add8431e2.jpg', '2016-12-29/5864add8431e2.jpg', '', 0, 'jpg', NULL, NULL, 0, '58.56.76.90', 1, '2016-12-29 14:31:52'),
	(238, 'Y7I_)3U8{8NA)D0SNGI~{5S', '5864ae22ee94d.gif', '2016-12-29/5864ae22ee94d.gif', '2016-12-29/5864ae22ee94d.gif', '', 0, 'gif', NULL, NULL, 0, '58.56.76.90', 1, '2016-12-29 14:33:06'),
	(239, '汉字', '5864ae401b39f.jpg', '2016-12-29/5864ae401b39f.jpg', '2016-12-29/5864ae401b39f.jpg', '', 0, 'jpg', NULL, NULL, 0, '58.56.76.90', 1, '2016-12-29 14:33:36'),
	(240, 'Y7I_)3U8{8NA)D0SNGI~{5S', '5864af00153d3.gif', '2016-12-29/5864af00153d3.gif', '2016-12-29/5864af00153d3.gif', '', 0, 'gif', NULL, NULL, 0, '58.56.76.90', 1, '2016-12-29 14:36:48'),
	(241, 'loader2', '5864af056de0b.gif', '2016-12-29/5864af056de0b.gif', '2016-12-29/5864af056de0b.gif', '', 0, 'gif', NULL, NULL, 0, '58.56.76.90', 1, '2016-12-29 14:36:53'),
	(242, 'Y7I_)3U8{8NA)D0SNGI~{5S', '5864af104a7ff.gif', '2016-12-29/5864af104a7ff.gif', '2016-12-29/5864af104a7ff.gif', '', 0, 'gif', NULL, NULL, 0, '58.56.76.90', 1, '2016-12-29 14:37:04'),
	(243, '汉字', '5864af1bae8d5.jpg', '2016-12-29/5864af1bae8d5.jpg', '2016-12-29/5864af1bae8d5.jpg', '', 0, 'jpg', NULL, NULL, 0, '58.56.76.90', 1, '2016-12-29 14:37:15'),
	(244, '汉字', '5864b019443b2.jpg', '2016-12-29/5864b019443b2.jpg', '2016-12-29/5864b019443b2.jpg', '', 0, 'jpg', NULL, NULL, 0, '58.56.76.90', 1, '2016-12-29 14:41:29'),
	(245, 'Y7I_)3U8{8NA)D0SNGI~{5S', '5864b0296ef23.gif', '2016-12-29/5864b0296ef23.gif', '2016-12-29/5864b0296ef23.gif', '', 0, 'gif', NULL, NULL, 0, '58.56.76.90', 1, '2016-12-29 14:41:45'),
	(246, '汉字', '5864b030c53f1.jpg', '2016-12-29/5864b030c53f1.jpg', '2016-12-29/5864b030c53f1.jpg', '', 0, 'jpg', NULL, NULL, 0, '58.56.76.90', 1, '2016-12-29 14:41:52'),
	(247, '汉字', '5864b0466b6fd.jpg', '2016-12-29/5864b0466b6fd.jpg', '2016-12-29/5864b0466b6fd.jpg', '', 0, 'jpg', NULL, NULL, 0, '58.56.76.90', 1, '2016-12-29 14:42:14'),
	(248, 'Y7I_)3U8{8NA)D0SNGI~{5S', '5864b067b7488.gif', '2016-12-29/5864b067b7488.gif', '2016-12-29/5864b067b7488.gif', '', 0, 'gif', NULL, NULL, 0, '58.56.76.90', 1, '2016-12-29 14:42:47'),
	(249, '汉字', '5864b0bbe6837.jpg', '2016-12-29/5864b0bbe6837.jpg', '2016-12-29/5864b0bbe6837.jpg', '', 0, 'jpg', NULL, NULL, 0, '58.56.76.90', 1, '2016-12-29 14:44:11'),
	(250, '汉字', '5864b1149b674.jpg', '2016-12-29/5864b1149b674.jpg', '2016-12-29/5864b1149b674.jpg', '', 0, 'jpg', NULL, NULL, 0, '58.56.76.90', 1, '2016-12-29 14:45:40'),
	(251, 'Y7I_)3U8{8NA)D0SNGI~{5S', '5864b19405816.gif', '2016-12-29/5864b19405816.gif', '2016-12-29/5864b19405816.gif', '', 0, 'gif', NULL, NULL, 0, '58.56.76.90', 1, '2016-12-29 14:47:48'),
	(252, '汉字', '5864b19675688.jpg', '2016-12-29/5864b19675688.jpg', '2016-12-29/5864b19675688.jpg', '', 0, 'jpg', NULL, NULL, 0, '58.56.76.90', 1, '2016-12-29 14:47:50'),
	(253, '汉字', '5864b1e64a3b3.jpg', '2016-12-29/5864b1e64a3b3.jpg', '2016-12-29/5864b1e64a3b3.jpg', '', 0, 'jpg', NULL, NULL, 0, '58.56.76.90', 1, '2016-12-29 14:49:10'),
	(254, '汉字', '5864b209ac969.jpg', '2016-12-29/5864b209ac969.jpg', '2016-12-29/5864b209ac969.jpg', '', 0, 'jpg', NULL, NULL, 0, '58.56.76.90', 1, '2016-12-29 14:49:45'),
	(255, 'I67G@XA60_1JY(UIWZ]UZ$X', '5864b22e76c57.jpg', '2016-12-29/5864b22e76c57.jpg', '2016-12-29/5864b22e76c57.jpg', '', 0, 'jpg', NULL, NULL, 0, '58.56.76.90', 1, '2016-12-29 14:50:22'),
	(256, 'kv', '586625b5b931a.png', '2016-12-30/586625b5b931a.png', '2016-12-30/586625b5b931a.png', '', 0, 'png', NULL, NULL, 0, '121.32.129.132', 1, '2016-12-30 17:15:33'),
	(257, '618711590395864350', '586f2ad15a5b6.jpg', '2017-01-06/586f2ad15a5b6.jpg', '2017-01-06/586f2ad15a5b6.jpg', '', 0, 'jpg', NULL, NULL, 0, '115.218.175.102', 1, '2017-01-06 13:27:45'),
	(258, '382176437483268688', '586f2af17c11b.jpg', '2017-01-06/586f2af17c11b.jpg', '2017-01-06/586f2af17c11b.jpg', '', 0, 'jpg', NULL, NULL, 0, '115.218.175.102', 1, '2017-01-06 13:28:17'),
	(259, '27788_516510_819633', '5885686b737b7.jpg', '2017-01-23/5885686b737b7.jpg', '2017-01-23/5885686b737b7.jpg', '', 0, 'jpg', NULL, NULL, 0, '121.32.129.132', 1, '2017-01-23 10:20:27'),
	(260, '15', '58b8e4b9187f5.jpg', '2017-03-03/58b8e4b9187f5.jpg', '2017-03-03/58b8e4b9187f5.jpg', '', 0, 'jpg', NULL, NULL, 0, '58.56.76.90', 1, '2017-03-03 11:36:25'),
	(261, 'image', '58be8a117fc19.png', '2017-03-07/58be8a117fc19.png', '2017-03-07/58be8a117fc19.png', '', 0, 'png', NULL, NULL, 0, '58.213.47.69', 1, '2017-03-07 18:23:13'),
	(262, 'image', '58bfa58b40ae8.png', '2017-03-08/58bfa58b40ae8.png', '2017-03-08/58bfa58b40ae8.png', '', 0, 'png', NULL, NULL, 0, '58.213.47.69', 1, '2017-03-08 14:32:43'),
	(263, '234', '58ecabf67619e.jpg', '2017-04-11/58ecabf67619e.jpg', '2017-04-11/58ecabf67619e.jpg', '', 0, 'jpg', NULL, NULL, 0, '115.205.112.152', 1, '2017-04-11 18:12:06'),
	(264, '123', '58ecad7fc2177.jpg', '2017-04-11/58ecad7fc2177.jpg', '2017-04-11/58ecad7fc2177.jpg', '', 0, 'jpg', NULL, NULL, 0, '115.205.112.152', 1, '2017-04-11 18:18:39'),
	(265, '8', '591184fb8259d.jpg', '2017-05-09/591184fb8259d.jpg', '2017-05-09/591184fb8259d.jpg', '', 0, 'jpg', NULL, NULL, 0, '118.114.161.102', 1, '2017-05-09 16:59:39'),
	(266, 'p2', '591f1ea97bb73.jpg', '2017-05-20/591f1ea97bb73.jpg', '2017-05-20/591f1ea97bb73.jpg', '', 0, 'jpg', NULL, NULL, 0, '117.187.11.149', 1, '2017-05-20 00:34:49'),
	(267, 'getqrcode', '5932727486229.jpg', '2017-06-03/5932727486229.jpg', '2017-06-03/5932727486229.jpg', '', 0, 'jpg', NULL, NULL, 0, '125.84.190.101', 1, '2017-06-03 16:25:24'),
	(268, '1', '596daf6282977.jpg', '2017-07-18/596daf6282977.jpg', '2017-07-18/596daf6282977.jpg', '', 0, 'jpg', NULL, NULL, 0, '127.0.0.1', 1, '2017-07-18 14:49:06'),
	(269, '2', '596daf9fedabf.jpg', '2017-07-18/596daf9fedabf.jpg', '2017-07-18/596daf9fedabf.jpg', '', 0, 'jpg', NULL, NULL, 0, '127.0.0.1', 1, '2017-07-18 14:50:07'),
	(270, '1', '596dafb1346af.jpg', '2017-07-18/596dafb1346af.jpg', '2017-07-18/596dafb1346af.jpg', '', 0, 'jpg', NULL, NULL, 0, '127.0.0.1', 1, '2017-07-18 14:50:25'),
	(271, '1', '596db05c7cd47.jpg', '2017-07-18/596db05c7cd47.jpg', '2017-07-18/596db05c7cd47.jpg', '', 0, 'jpg', NULL, NULL, 0, '127.0.0.1', 1, '2017-07-18 14:53:16'),
	(272, '1', '596db0a664517.jpg', '2017-07-18/596db0a664517.jpg', '2017-07-18/596db0a664517.jpg', '', 0, 'jpg', NULL, NULL, 0, '127.0.0.1', 1, '2017-07-18 14:54:30'),
	(273, '1', '596db43944628.jpg', '2017-07-18/596db43944628.jpg', '2017-07-18/596db43944628.jpg', '', 0, 'jpg', NULL, NULL, 0, '127.0.0.1', 1, '2017-07-18 15:09:45'),
	(274, '1', '596db4feb3f50.jpg', '2017-07-18/596db4feb3f50.jpg', '2017-07-18/596db4feb3f50.jpg', '', 0, 'jpg', NULL, NULL, 0, '127.0.0.1', 1, '2017-07-18 15:13:02'),
	(275, '1', '596db57617129.jpg', '2017-07-18/596db57617129.jpg', '2017-07-18/596db57617129.jpg', '', 0, 'jpg', NULL, NULL, 0, '127.0.0.1', 1, '2017-07-18 15:15:02'),
	(276, '1', '596db5e016a21.jpg', '2017-07-18/596db5e016a21.jpg', '2017-07-18/596db5e016a21.jpg', '', 0, 'jpg', NULL, NULL, 0, '127.0.0.1', 1, '2017-07-18 15:16:48'),
	(277, '1', '596db6d516319.jpg', '2017-07-18/596db6d516319.jpg', '2017-07-18/596db6d516319.jpg', '', 0, 'jpg', NULL, NULL, 0, '127.0.0.1', 1, '2017-07-18 15:20:53');
/*!40000 ALTER TABLE `xy_attachment` ENABLE KEYS */;

-- 导出  表 hhailuocms.xy_category 结构
CREATE TABLE IF NOT EXISTS `xy_category` (
  `id` smallint(5) unsigned NOT NULL AUTO_INCREMENT,
  `siteid` smallint(5) NOT NULL DEFAULT '0',
  `catname` varchar(30) NOT NULL DEFAULT '',
  `catdir` varchar(255) NOT NULL,
  `parentid` smallint(5) unsigned NOT NULL DEFAULT '0',
  `child` tinyint(1) NOT NULL DEFAULT '0',
  `post_type` varchar(255) NOT NULL,
  `taxonomy` varchar(255) NOT NULL,
  `description` varchar(255) DEFAULT '' COMMENT '栏目描述',
  `listorder` smallint(5) unsigned NOT NULL DEFAULT '0',
  `level` smallint(2) NOT NULL DEFAULT '0',
  PRIMARY KEY (`id`),
  KEY `parentid` (`parentid`),
  KEY `listorder` (`listorder`)
) ENGINE=InnoDB AUTO_INCREMENT=120 DEFAULT CHARSET=utf8;

-- 正在导出表  hhailuocms.xy_category 的数据：~7 rows (大约)
/*!40000 ALTER TABLE `xy_category` DISABLE KEYS */;
INSERT INTO `xy_category` (`id`, `siteid`, `catname`, `catdir`, `parentid`, `child`, `post_type`, `taxonomy`, `description`, `listorder`, `level`) VALUES
	(41, 1, '美食', 'ms', 0, 1, 'post', 'category', '', 0, 1),
	(77, 1, 'TP-Admin', 'tp-admin', 41, 0, 'post', 'category', '开源项目TP-Admin的最新动态，项目介绍，项目描述等信息', 1, 2),
	(78, 2, '长沙房产', 'csfc', 0, 0, 'post', 'category', '', 20, 1),
	(79, 1, '本地资讯', 'bdzx', 0, 0, 'post', 'category', '', 0, 1),
	(80, 1, '图片', 'tp', 41, 0, 'post', 'category', '', 0, 2),
	(81, 1, '视频', 'sp', 0, 0, 'post', 'category', '', 0, 1),
	(82, 1, '土地', 'td', 0, 0, 'post', 'category', '', 0, 1);
/*!40000 ALTER TABLE `xy_category` ENABLE KEYS */;

-- 导出  表 hhailuocms.xy_category_posts 结构
CREATE TABLE IF NOT EXISTS `xy_category_posts` (
  `id` int(11) NOT NULL AUTO_INCREMENT,
  `taxonomy` varchar(50) CHARACTER SET utf8 NOT NULL DEFAULT '',
  `term_id` int(11) NOT NULL,
  `post_id` int(11) NOT NULL,
  `post_type` char(50) CHARACTER SET utf8 NOT NULL,
  `siteid` smallint(5) NOT NULL DEFAULT '1',
  PRIMARY KEY (`id`),
  KEY `term_id` (`post_type`,`term_id`),
  KEY `post_type` (`post_type`,`taxonomy`)
) ENGINE=InnoDB AUTO_INCREMENT=221 DEFAULT CHARSET=latin1;

-- 正在导出表  hhailuocms.xy_category_posts 的数据：~30 rows (大约)
/*!40000 ALTER TABLE `xy_category_posts` DISABLE KEYS */;
INSERT INTO `xy_category_posts` (`id`, `taxonomy`, `term_id`, `post_id`, `post_type`, `siteid`) VALUES
	(1, '', 1, 16, 'news', 1),
	(2, '', 3, 16, 'news', 1),
	(19, '', 41, 5, 'news', 1),
	(20, '', 41, 6, 'news', 1),
	(21, '', 41, 7, 'news', 1),
	(22, '', 41, 8, 'news', 1),
	(23, '', 41, 9, 'news', 1),
	(24, '', 41, 10, 'news', 1),
	(25, '', 41, 11, 'news', 1),
	(26, '', 41, 12, 'news', 1),
	(27, '', 41, 13, 'news', 1),
	(28, '', 41, 14, 'news', 1),
	(29, '', 41, 15, 'news', 1),
	(30, '', 41, 16, 'news', 1),
	(31, '', 41, 17, 'news', 1),
	(32, '', 41, 18, 'news', 1),
	(33, '', 41, 19, 'news', 1),
	(34, '', 41, 20, 'news', 1),
	(35, '', 41, 21, 'news', 1),
	(36, '', 41, 22, 'news', 1),
	(37, '', 41, 23, 'news', 1),
	(38, '', 41, 24, 'news', 1),
	(39, '', 41, 25, 'news', 1),
	(40, '', 41, 26, 'news', 1),
	(41, '', 41, 27, 'news', 1),
	(42, '', 41, 28, 'news', 1),
	(43, '', 41, 29, 'news', 1),
	(44, '', 41, 30, 'news', 1),
	(45, '', 41, 31, 'news', 1),
	(186, '', 78, 168, 'post', 1);
/*!40000 ALTER TABLE `xy_category_posts` ENABLE KEYS */;

-- 导出  表 hhailuocms.xy_linkage 结构
CREATE TABLE IF NOT EXISTS `xy_linkage` (
  `id` smallint(5) unsigned NOT NULL AUTO_INCREMENT,
  `name` varchar(30) NOT NULL DEFAULT '',
  `style` varchar(35) NOT NULL DEFAULT '',
  `parentid` smallint(5) unsigned NOT NULL DEFAULT '0',
  `child` tinyint(1) NOT NULL DEFAULT '0',
  `arrchildid` mediumtext,
  `keyid` smallint(5) unsigned NOT NULL DEFAULT '0',
  `listorder` smallint(5) unsigned NOT NULL DEFAULT '0',
  `description` varchar(255) DEFAULT NULL,
  `setting` varchar(255) DEFAULT NULL,
  `siteid` smallint(5) NOT NULL DEFAULT '0',
  PRIMARY KEY (`id`,`keyid`),
  KEY `parentid` (`parentid`,`listorder`)
) ENGINE=InnoDB AUTO_INCREMENT=3809 DEFAULT CHARSET=utf8;

-- 正在导出表  hhailuocms.xy_linkage 的数据：~435 rows (大约)
/*!40000 ALTER TABLE `xy_linkage` DISABLE KEYS */;
INSERT INTO `xy_linkage` (`id`, `name`, `style`, `parentid`, `child`, `arrchildid`, `keyid`, `listorder`, `description`, `setting`, `siteid`) VALUES
	(3360, '城市列表', '1', 0, 0, '', 0, 1, '', 'array (\n  \'level\' => \'0\',\n)', 0),
	(3361, '北京市', '0', 3780, 0, '3361', 3360, 0, '', 'array (\n  \'level\' => \'0\',\n)', 0),
	(3362, '上海市', '0', 3780, 0, '3362', 3360, 0, '', 'array (\n  \'level\' => \'0\',\n)', 0),
	(3363, '天津市', '0', 3780, 0, '3363', 3360, 0, '', 'array (\n  \'level\' => \'0\',\n)', 0),
	(3364, '重庆市', '0', 3780, 0, '3364', 3360, 0, '', 'array (\n  \'level\' => \'0\',\n)', 0),
	(3365, '河北省', '', 0, 1, '3365,3395,3396,3397,3398,3399,3400,3401,3402,3403,3404,3405', 3360, 1, '', NULL, 0),
	(3366, '山西省', '', 0, 1, '3366,3406,3407,3408,3409,3410,3411,3412,3413,3414,3415,3416', 3360, 2, '', NULL, 0),
	(3367, '内蒙古', '', 0, 1, '3367,3417,3418,3419,3420,3421,3422,3423,3424,3425,3426,3427,3428', 3360, 3, '', NULL, 0),
	(3368, '辽宁省', '', 0, 1, '3368,3429,3430,3431,3432,3433,3434,3435,3436,3437,3438,3439,3440,3441,3442', 3360, 4, '', NULL, 0),
	(3369, '吉林省', '', 0, 1, '3369,3443,3444,3445,3446,3447,3448,3449,3450,3451', 3360, 5, '', NULL, 0),
	(3370, '黑龙江省', '', 0, 1, '3370,3452,3453,3454,3455,3456,3457,3458,3459,3460,3461,3462,3463,3464', 3360, 6, '', NULL, 0),
	(3371, '江苏省', '', 0, 1, '3371,3465,3466,3467,3468,3469,3470,3471,3472,3473,3474,3475,3476,3477', 3360, 7, '', NULL, 0),
	(3372, '浙江省', '', 0, 1, '3372,3478,3479,3480,3481,3482,3483,3484,3485,3486,3487,3488', 3360, 8, '', NULL, 0),
	(3373, '安徽省', '', 0, 1, '3373,3489,3490,3491,3492,3493,3494,3495,3496,3497,3498,3499,3500,3501,3502,3503,3504,3505', 3360, 9, '', NULL, 0),
	(3374, '福建省', '', 0, 1, '3374,3506,3507,3508,3509,3510,3511,3512,3513,3514', 3360, 10, '', NULL, 0),
	(3375, '江西省', '', 0, 1, '3375,3515,3516,3517,3518,3519,3520,3521,3522,3523,3524,3525', 3360, 11, '', NULL, 0),
	(3376, '山东省', '', 0, 1, '3376,3526,3527,3528,3529,3530,3531,3532,3533,3534,3535,3536,3537,3538,3539,3540,3541,3542', 3360, 12, '', NULL, 0),
	(3377, '河南省', '', 0, 1, '3377,3543,3544,3545,3546,3547,3548,3549,3550,3551,3552,3553,3554,3555,3556,3557,3558,3559', 3360, 13, '', NULL, 0),
	(3378, '湖北省', '', 0, 1, '3378,3560,3561,3562,3563,3564,3565,3566,3567,3568,3569,3570,3571,3572,3573,3574,3575,3576', 3360, 14, '', NULL, 0),
	(3379, '湖南省', '', 0, 1, '3379,3577,3578,3579,3580,3581,3582,3583,3584,3585,3586,3587,3588,3589,3590', 3360, 15, '', NULL, 0),
	(3380, '广东省', '', 0, 1, '3380,3591,3592,3593,3594,3595,3596,3597,3598,3599,3600,3601,3602,3603,3604,3605,3606,3607,3608,3609,3610,3611', 3360, 16, '', NULL, 0),
	(3381, '广西省', '0', 0, 1, '3381,3612,3613,3614,3615,3616,3617,3618,3619,3620,3621,3622,3623,3624,3625', 3360, 17, '', 'array (\n  \'level\' => \'0\',\n)', 0),
	(3382, '海南省', '', 0, 1, '3382,3626,3627,3628,3629,3630,3631,3632,3633,3634,3635,3636,3637,3638,3639,3640,3641,3642,3643,3644,3645,3646', 3360, 18, '', NULL, 0),
	(3383, '四川省', '', 0, 1, '3383,3647,3648,3649,3650,3651,3652,3653,3654,3655,3656,3657,3658,3659,3660,3661,3662,3663,3664,3665,3666,3667', 3360, 19, '', NULL, 0),
	(3384, '贵州省', '', 0, 1, '3384,3668,3669,3670,3671,3672,3673,3674,3675,3676', 3360, 20, '', NULL, 0),
	(3385, '云南省', '', 0, 1, '3385,3677,3678,3679,3680,3681,3682,3683,3684,3685,3686,3687,3688,3689,3690,3691,3692', 3360, 21, '', NULL, 0),
	(3386, '西藏', '', 0, 1, '3386,3693,3694,3695,3696,3697,3698,3699', 3360, 22, '', NULL, 0),
	(3387, '陕西省', '', 0, 1, '3387,3700,3701,3702,3703,3704,3705,3706,3707,3708,3709', 3360, 23, '', NULL, 0),
	(3388, '甘肃省', '', 0, 1, '3388,3710,3711,3712,3713,3714,3715,3716,3717,3718,3719,3720,3721,3722,3723', 3360, 24, '', NULL, 0),
	(3389, '青海省', '', 0, 1, '3389,3724,3725,3726,3727,3728,3729,3730,3731', 3360, 25, '', NULL, 0),
	(3390, '宁夏', '', 0, 1, '3390,3732,3733,3734,3735,3736', 3360, 26, '', NULL, 0),
	(3391, '新疆', '', 0, 1, '3391,3737,3738,3739,3740,3741,3742,3743,3744,3745,3746,3747,3748,3749,3750,3751,3752,3753,3754', 3360, 27, '', NULL, 0),
	(3392, '台湾省', '', 0, 1, '3392,3755,3756,3757,3758,3759,3760,3761,3762,3763,3764,3765,3766,3767,3768,3769,3770,3771,3772,3773,3774,3775,3776,3777,3778,3779', 3360, 28, '', NULL, 0),
	(3393, '香港', '0', 3781, 0, '3393', 3360, 29, '', 'array (\n  \'level\' => \'0\',\n)', 0),
	(3394, '澳门', '0', 3781, 0, '3394', 3360, 30, '', 'array (\n  \'level\' => \'0\',\n)', 0),
	(3395, '石家庄市', '', 3365, 0, '3395', 3360, 0, '', NULL, 0),
	(3396, '唐山市', '', 3365, 0, '3396', 3360, 0, '', NULL, 0),
	(3397, '秦皇岛市', '', 3365, 0, '3397', 3360, 0, '', NULL, 0),
	(3398, '邯郸市', '', 3365, 0, '3398', 3360, 0, '', NULL, 0),
	(3399, '邢台市', '', 3365, 0, '3399', 3360, 0, '', NULL, 0),
	(3400, '保定市', '', 3365, 0, '3400', 3360, 0, '', NULL, 0),
	(3401, '张家口市', '', 3365, 0, '3401', 3360, 0, '', NULL, 0),
	(3402, '承德市', '', 3365, 0, '3402', 3360, 0, '', NULL, 0),
	(3403, '沧州市', '', 3365, 0, '3403', 3360, 0, '', NULL, 0),
	(3404, '廊坊市', '', 3365, 0, '3404', 3360, 0, '', NULL, 0),
	(3405, '衡水市', '', 3365, 0, '3405', 3360, 0, '', NULL, 0),
	(3406, '太原市', '', 3366, 0, '3406', 3360, 0, '', NULL, 0),
	(3407, '大同市', '', 3366, 0, '3407', 3360, 0, '', NULL, 0),
	(3408, '阳泉市', '', 3366, 0, '3408', 3360, 0, '', NULL, 0),
	(3409, '长治市', '', 3366, 0, '3409', 3360, 0, '', NULL, 0),
	(3410, '晋城市', '', 3366, 0, '3410', 3360, 0, '', NULL, 0),
	(3411, '朔州市', '', 3366, 0, '3411', 3360, 0, '', NULL, 0),
	(3412, '晋中市', '', 3366, 0, '3412', 3360, 0, '', NULL, 0),
	(3413, '运城市', '', 3366, 0, '3413', 3360, 0, '', NULL, 0),
	(3414, '忻州市', '', 3366, 0, '3414', 3360, 0, '', NULL, 0),
	(3415, '临汾市', '', 3366, 0, '3415', 3360, 0, '', NULL, 0),
	(3416, '吕梁市', '', 3366, 0, '3416', 3360, 0, '', NULL, 0),
	(3417, '呼和浩特市', '', 3367, 0, '3417', 3360, 0, '', NULL, 0),
	(3418, '包头市', '', 3367, 0, '3418', 3360, 0, '', NULL, 0),
	(3419, '乌海市', '', 3367, 0, '3419', 3360, 0, '', NULL, 0),
	(3420, '赤峰市', '', 3367, 0, '3420', 3360, 0, '', NULL, 0),
	(3421, '通辽市', '', 3367, 0, '3421', 3360, 0, '', NULL, 0),
	(3422, '鄂尔多斯市', '', 3367, 0, '3422', 3360, 0, '', NULL, 0),
	(3423, '呼伦贝尔市', '', 3367, 0, '3423', 3360, 0, '', NULL, 0),
	(3424, '巴彦淖尔市', '', 3367, 0, '3424', 3360, 0, '', NULL, 0),
	(3425, '乌兰察布市', '', 3367, 0, '3425', 3360, 0, '', NULL, 0),
	(3426, '兴安盟', '', 3367, 0, '3426', 3360, 0, '', NULL, 0),
	(3427, '锡林郭勒盟', '', 3367, 0, '3427', 3360, 0, '', NULL, 0),
	(3428, '阿拉善盟', '', 3367, 0, '3428', 3360, 0, '', NULL, 0),
	(3429, '沈阳市', '', 3368, 0, '3429', 3360, 0, '', NULL, 0),
	(3430, '大连市', '', 3368, 0, '3430', 3360, 0, '', NULL, 0),
	(3431, '鞍山市', '', 3368, 0, '3431', 3360, 0, '', NULL, 0),
	(3432, '抚顺市', '', 3368, 0, '3432', 3360, 0, '', NULL, 0),
	(3433, '本溪市', '', 3368, 0, '3433', 3360, 0, '', NULL, 0),
	(3434, '丹东市', '', 3368, 0, '3434', 3360, 0, '', NULL, 0),
	(3435, '锦州市', '', 3368, 0, '3435', 3360, 0, '', NULL, 0),
	(3436, '营口市', '', 3368, 0, '3436', 3360, 0, '', NULL, 0),
	(3437, '阜新市', '', 3368, 0, '3437', 3360, 0, '', NULL, 0),
	(3438, '辽阳市', '', 3368, 0, '3438', 3360, 0, '', NULL, 0),
	(3439, '盘锦市', '', 3368, 0, '3439', 3360, 0, '', NULL, 0),
	(3440, '铁岭市', '', 3368, 0, '3440', 3360, 0, '', NULL, 0),
	(3441, '朝阳市', '', 3368, 0, '3441', 3360, 0, '', NULL, 0),
	(3442, '葫芦岛市', '', 3368, 0, '3442', 3360, 0, '', NULL, 0),
	(3443, '长春市', '', 3369, 0, '3443', 3360, 0, '', NULL, 0),
	(3444, '吉林市', '', 3369, 0, '3444', 3360, 0, '', NULL, 0),
	(3445, '四平市', '', 3369, 0, '3445', 3360, 0, '', NULL, 0),
	(3446, '辽源市', '', 3369, 0, '3446', 3360, 0, '', NULL, 0),
	(3447, '通化市', '', 3369, 0, '3447', 3360, 0, '', NULL, 0),
	(3448, '白山市', '', 3369, 0, '3448', 3360, 0, '', NULL, 0),
	(3449, '松原市', '', 3369, 0, '3449', 3360, 0, '', NULL, 0),
	(3450, '白城市', '', 3369, 0, '3450', 3360, 0, '', NULL, 0),
	(3451, '延边', '', 3369, 0, '3451', 3360, 0, '', NULL, 0),
	(3452, '哈尔滨市', '', 3370, 0, '3452', 3360, 0, '', NULL, 0),
	(3453, '齐齐哈尔市', '', 3370, 0, '3453', 3360, 0, '', NULL, 0),
	(3454, '鸡西市', '', 3370, 0, '3454', 3360, 0, '', NULL, 0),
	(3455, '鹤岗市', '', 3370, 0, '3455', 3360, 0, '', NULL, 0),
	(3456, '双鸭山市', '', 3370, 0, '3456', 3360, 0, '', NULL, 0),
	(3457, '大庆市', '', 3370, 0, '3457', 3360, 0, '', NULL, 0),
	(3458, '伊春市', '', 3370, 0, '3458', 3360, 0, '', NULL, 0),
	(3459, '佳木斯市', '', 3370, 0, '3459', 3360, 0, '', NULL, 0),
	(3460, '七台河市', '', 3370, 0, '3460', 3360, 0, '', NULL, 0),
	(3461, '牡丹江市', '', 3370, 0, '3461', 3360, 0, '', NULL, 0),
	(3462, '黑河市', '', 3370, 0, '3462', 3360, 0, '', NULL, 0),
	(3463, '绥化市', '', 3370, 0, '3463', 3360, 0, '', NULL, 0),
	(3464, '大兴安岭地区', '', 3370, 0, '3464', 3360, 0, '', NULL, 0),
	(3465, '南京市', '', 3371, 0, '3465', 3360, 0, '', NULL, 0),
	(3466, '无锡市', '', 3371, 0, '3466', 3360, 0, '', NULL, 0),
	(3467, '徐州市', '', 3371, 0, '3467', 3360, 0, '', NULL, 0),
	(3468, '常州市', '', 3371, 0, '3468', 3360, 0, '', NULL, 0),
	(3469, '苏州市', '', 3371, 0, '3469', 3360, 0, '', NULL, 0),
	(3470, '南通市', '', 3371, 0, '3470', 3360, 0, '', NULL, 0),
	(3471, '连云港市', '', 3371, 0, '3471', 3360, 0, '', NULL, 0),
	(3472, '淮安市', '', 3371, 0, '3472', 3360, 0, '', NULL, 0),
	(3473, '盐城市', '', 3371, 0, '3473', 3360, 0, '', NULL, 0),
	(3474, '扬州市', '', 3371, 0, '3474', 3360, 0, '', NULL, 0),
	(3475, '镇江市', '', 3371, 0, '3475', 3360, 0, '', NULL, 0),
	(3476, '泰州市', '', 3371, 0, '3476', 3360, 0, '', NULL, 0),
	(3477, '宿迁市', '', 3371, 0, '3477', 3360, 0, '', NULL, 0),
	(3478, '杭州市', '', 3372, 0, '3478', 3360, 0, '', NULL, 0),
	(3479, '宁波市', '', 3372, 0, '3479', 3360, 0, '', NULL, 0),
	(3480, '温州市', '', 3372, 0, '3480', 3360, 0, '', NULL, 0),
	(3481, '嘉兴市', '', 3372, 0, '3481', 3360, 0, '', NULL, 0),
	(3482, '湖州市', '', 3372, 0, '3482', 3360, 0, '', NULL, 0),
	(3483, '绍兴市', '', 3372, 0, '3483', 3360, 0, '', NULL, 0),
	(3484, '金华市', '', 3372, 0, '3484', 3360, 0, '', NULL, 0),
	(3485, '衢州市', '', 3372, 0, '3485', 3360, 0, '', NULL, 0),
	(3486, '舟山市', '', 3372, 0, '3486', 3360, 0, '', NULL, 0),
	(3487, '台州市', '', 3372, 0, '3487', 3360, 0, '', NULL, 0),
	(3488, '丽水市', '', 3372, 0, '3488', 3360, 0, '', NULL, 0),
	(3489, '合肥市', '', 3373, 0, '3489', 3360, 0, '', NULL, 0),
	(3490, '芜湖市', '', 3373, 0, '3490', 3360, 0, '', NULL, 0),
	(3491, '蚌埠市', '', 3373, 0, '3491', 3360, 0, '', NULL, 0),
	(3492, '淮南市', '', 3373, 0, '3492', 3360, 0, '', NULL, 0),
	(3493, '马鞍山市', '', 3373, 0, '3493', 3360, 0, '', NULL, 0),
	(3494, '淮北市', '', 3373, 0, '3494', 3360, 0, '', NULL, 0),
	(3495, '铜陵市', '', 3373, 0, '3495', 3360, 0, '', NULL, 0),
	(3496, '安庆市', '', 3373, 0, '3496', 3360, 0, '', NULL, 0),
	(3497, '黄山市', '', 3373, 0, '3497', 3360, 0, '', NULL, 0),
	(3498, '滁州市', '', 3373, 0, '3498', 3360, 0, '', NULL, 0),
	(3499, '阜阳市', '', 3373, 0, '3499', 3360, 0, '', NULL, 0),
	(3500, '宿州市', '', 3373, 0, '3500', 3360, 0, '', NULL, 0),
	(3501, '巢湖市', '', 3373, 0, '3501', 3360, 0, '', NULL, 0),
	(3502, '六安市', '', 3373, 0, '3502', 3360, 0, '', NULL, 0),
	(3503, '亳州市', '', 3373, 0, '3503', 3360, 0, '', NULL, 0),
	(3504, '池州市', '', 3373, 0, '3504', 3360, 0, '', NULL, 0),
	(3505, '宣城市', '', 3373, 0, '3505', 3360, 0, '', NULL, 0),
	(3506, '福州市', '', 3374, 0, '3506', 3360, 0, '', NULL, 0),
	(3507, '厦门市', '', 3374, 0, '3507', 3360, 0, '', NULL, 0),
	(3508, '莆田市', '', 3374, 0, '3508', 3360, 0, '', NULL, 0),
	(3509, '三明市', '', 3374, 0, '3509', 3360, 0, '', NULL, 0),
	(3510, '泉州市', '', 3374, 0, '3510', 3360, 0, '', NULL, 0),
	(3511, '漳州市', '', 3374, 0, '3511', 3360, 0, '', NULL, 0),
	(3512, '南平市', '', 3374, 0, '3512', 3360, 0, '', NULL, 0),
	(3513, '龙岩市', '', 3374, 0, '3513', 3360, 0, '', NULL, 0),
	(3514, '宁德市', '', 3374, 0, '3514', 3360, 0, '', NULL, 0),
	(3515, '南昌市', '', 3375, 0, '3515', 3360, 0, '', NULL, 0),
	(3516, '景德镇市', '', 3375, 0, '3516', 3360, 0, '', NULL, 0),
	(3517, '萍乡市', '', 3375, 0, '3517', 3360, 0, '', NULL, 0),
	(3518, '九江市', '', 3375, 0, '3518', 3360, 0, '', NULL, 0),
	(3519, '新余市', '', 3375, 0, '3519', 3360, 0, '', NULL, 0),
	(3520, '鹰潭市', '', 3375, 0, '3520', 3360, 0, '', NULL, 0),
	(3521, '赣州市', '', 3375, 0, '3521', 3360, 0, '', NULL, 0),
	(3522, '吉安市', '', 3375, 0, '3522', 3360, 0, '', NULL, 0),
	(3523, '宜春市', '', 3375, 0, '3523', 3360, 0, '', NULL, 0),
	(3524, '抚州市', '', 3375, 0, '3524', 3360, 0, '', NULL, 0),
	(3525, '上饶市', '', 3375, 0, '3525', 3360, 0, '', NULL, 0),
	(3526, '济南市', '', 3376, 0, '3526', 3360, 0, '', NULL, 0),
	(3527, '青岛市', '', 3376, 0, '3527', 3360, 0, '', NULL, 0),
	(3528, '淄博市', '', 3376, 0, '3528', 3360, 0, '', NULL, 0),
	(3529, '枣庄市', '', 3376, 0, '3529', 3360, 0, '', NULL, 0),
	(3530, '东营市', '', 3376, 0, '3530', 3360, 0, '', NULL, 0),
	(3531, '烟台市', '', 3376, 0, '3531', 3360, 0, '', NULL, 0),
	(3532, '潍坊市', '', 3376, 0, '3532', 3360, 0, '', NULL, 0),
	(3533, '济宁市', '', 3376, 0, '3533', 3360, 0, '', NULL, 0),
	(3534, '泰安市', '', 3376, 0, '3534', 3360, 0, '', NULL, 0),
	(3535, '威海市', '', 3376, 0, '3535', 3360, 0, '', NULL, 0),
	(3536, '日照市', '', 3376, 0, '3536', 3360, 0, '', NULL, 0),
	(3537, '莱芜市', '', 3376, 0, '3537', 3360, 0, '', NULL, 0),
	(3538, '临沂市', '', 3376, 0, '3538', 3360, 0, '', NULL, 0),
	(3539, '德州市', '', 3376, 0, '3539', 3360, 0, '', NULL, 0),
	(3540, '聊城市', '', 3376, 0, '3540', 3360, 0, '', NULL, 0),
	(3541, '滨州市', '', 3376, 0, '3541', 3360, 0, '', NULL, 0),
	(3542, '荷泽市', '', 3376, 0, '3542', 3360, 0, '', NULL, 0),
	(3543, '郑州市', '', 3377, 0, '3543', 3360, 0, '', NULL, 0),
	(3544, '开封市', '', 3377, 0, '3544', 3360, 0, '', NULL, 0),
	(3545, '洛阳市', '', 3377, 0, '3545', 3360, 0, '', NULL, 0),
	(3546, '平顶山市', '', 3377, 0, '3546', 3360, 0, '', NULL, 0),
	(3547, '安阳市', '', 3377, 0, '3547', 3360, 0, '', NULL, 0),
	(3548, '鹤壁市', '', 3377, 0, '3548', 3360, 0, '', NULL, 0),
	(3549, '新乡市', '', 3377, 0, '3549', 3360, 0, '', NULL, 0),
	(3550, '焦作市', '', 3377, 0, '3550', 3360, 0, '', NULL, 0),
	(3551, '濮阳市', '', 3377, 0, '3551', 3360, 0, '', NULL, 0),
	(3552, '许昌市', '', 3377, 0, '3552', 3360, 0, '', NULL, 0),
	(3553, '漯河市', '', 3377, 0, '3553', 3360, 0, '', NULL, 0),
	(3554, '三门峡市', '', 3377, 0, '3554', 3360, 0, '', NULL, 0),
	(3555, '南阳市', '', 3377, 0, '3555', 3360, 0, '', NULL, 0),
	(3556, '商丘市', '', 3377, 0, '3556', 3360, 0, '', NULL, 0),
	(3557, '信阳市', '', 3377, 0, '3557', 3360, 0, '', NULL, 0),
	(3558, '周口市', '', 3377, 0, '3558', 3360, 0, '', NULL, 0),
	(3559, '驻马店市', '', 3377, 0, '3559', 3360, 0, '', NULL, 0),
	(3560, '武汉市', '', 3378, 0, '3560', 3360, 0, '', NULL, 0),
	(3561, '黄石市', '', 3378, 0, '3561', 3360, 0, '', NULL, 0),
	(3562, '十堰市', '', 3378, 0, '3562', 3360, 0, '', NULL, 0),
	(3563, '宜昌市', '', 3378, 0, '3563', 3360, 0, '', NULL, 0),
	(3564, '襄樊市', '', 3378, 0, '3564', 3360, 0, '', NULL, 0),
	(3565, '鄂州市', '', 3378, 0, '3565', 3360, 0, '', NULL, 0),
	(3566, '荆门市', '', 3378, 0, '3566', 3360, 0, '', NULL, 0),
	(3567, '孝感市', '', 3378, 0, '3567', 3360, 0, '', NULL, 0),
	(3568, '荆州市', '', 3378, 0, '3568', 3360, 0, '', NULL, 0),
	(3569, '黄冈市', '', 3378, 0, '3569', 3360, 0, '', NULL, 0),
	(3570, '咸宁市', '', 3378, 0, '3570', 3360, 0, '', NULL, 0),
	(3571, '随州市', '', 3378, 0, '3571', 3360, 0, '', NULL, 0),
	(3572, '恩施土家族苗族自治州', '', 3378, 0, '3572', 3360, 0, '', NULL, 0),
	(3573, '仙桃市', '', 3378, 0, '3573', 3360, 0, '', NULL, 0),
	(3574, '潜江市', '', 3378, 0, '3574', 3360, 0, '', NULL, 0),
	(3575, '天门市', '', 3378, 0, '3575', 3360, 0, '', NULL, 0),
	(3576, '神农架林区', '', 3378, 0, '3576', 3360, 0, '', NULL, 0),
	(3577, '长沙市', '', 3379, 0, '3577', 3360, 0, '', NULL, 0),
	(3578, '株洲市', '', 3379, 0, '3578', 3360, 0, '', NULL, 0),
	(3579, '湘潭市', '', 3379, 0, '3579', 3360, 0, '', NULL, 0),
	(3580, '衡阳市', '', 3379, 0, '3580', 3360, 0, '', NULL, 0),
	(3581, '邵阳市', '', 3379, 0, '3581', 3360, 0, '', NULL, 0),
	(3582, '岳阳市', '', 3379, 0, '3582', 3360, 0, '', NULL, 0),
	(3583, '常德市', '', 3379, 0, '3583', 3360, 0, '', NULL, 0),
	(3584, '张家界市', '', 3379, 0, '3584', 3360, 0, '', NULL, 0),
	(3585, '益阳市', '', 3379, 0, '3585', 3360, 0, '', NULL, 0),
	(3586, '郴州市', '', 3379, 0, '3586', 3360, 0, '', NULL, 0),
	(3587, '永州市', '', 3379, 0, '3587', 3360, 0, '', NULL, 0),
	(3588, '怀化市', '', 3379, 0, '3588', 3360, 0, '', NULL, 0),
	(3589, '娄底市', '', 3379, 0, '3589', 3360, 0, '', NULL, 0),
	(3590, '湘西土家族苗族自治州', '', 3379, 0, '3590', 3360, 0, '', NULL, 0),
	(3591, '广州市', '', 3380, 0, '3591', 3360, 0, '', NULL, 0),
	(3592, '韶关市', '', 3380, 0, '3592', 3360, 0, '', NULL, 0),
	(3593, '深圳市', '', 3380, 0, '3593', 3360, 0, '', NULL, 0),
	(3594, '珠海市', '', 3380, 0, '3594', 3360, 0, '', NULL, 0),
	(3595, '汕头市', '', 3380, 0, '3595', 3360, 0, '', NULL, 0),
	(3596, '佛山市', '', 3380, 0, '3596', 3360, 0, '', NULL, 0),
	(3597, '江门市', '', 3380, 0, '3597', 3360, 0, '', NULL, 0),
	(3598, '湛江市', '', 3380, 0, '3598', 3360, 0, '', NULL, 0),
	(3599, '茂名市', '', 3380, 0, '3599', 3360, 0, '', NULL, 0),
	(3600, '肇庆市', '', 3380, 0, '3600', 3360, 0, '', NULL, 0),
	(3601, '惠州市', '', 3380, 0, '3601', 3360, 0, '', NULL, 0),
	(3602, '梅州市', '', 3380, 0, '3602', 3360, 0, '', NULL, 0),
	(3603, '汕尾市', '', 3380, 0, '3603', 3360, 0, '', NULL, 0),
	(3604, '河源市', '', 3380, 0, '3604', 3360, 0, '', NULL, 0),
	(3605, '阳江市', '', 3380, 0, '3605', 3360, 0, '', NULL, 0),
	(3606, '清远市', '', 3380, 0, '3606', 3360, 0, '', NULL, 0),
	(3607, '东莞市', '', 3380, 0, '3607', 3360, 0, '', NULL, 0),
	(3608, '中山市', '', 3380, 0, '3608', 3360, 0, '', NULL, 0),
	(3609, '潮州市', '', 3380, 0, '3609', 3360, 0, '', NULL, 0),
	(3610, '揭阳市', '', 3380, 0, '3610', 3360, 0, '', NULL, 0),
	(3611, '云浮市', '', 3380, 0, '3611', 3360, 0, '', NULL, 0),
	(3612, '南宁市', '', 3381, 0, '3612', 3360, 0, '', NULL, 0),
	(3613, '柳州市', '', 3381, 0, '3613', 3360, 0, '', NULL, 0),
	(3614, '桂林市', '', 3381, 0, '3614', 3360, 0, '', NULL, 0),
	(3615, '梧州市', '', 3381, 0, '3615', 3360, 0, '', NULL, 0),
	(3616, '北海市', '', 3381, 0, '3616', 3360, 0, '', NULL, 0),
	(3617, '防城港市', '', 3381, 0, '3617', 3360, 0, '', NULL, 0),
	(3618, '钦州市', '', 3381, 0, '3618', 3360, 0, '', NULL, 0),
	(3619, '贵港市', '', 3381, 0, '3619', 3360, 0, '', NULL, 0),
	(3620, '玉林市', '', 3381, 0, '3620', 3360, 0, '', NULL, 0),
	(3621, '百色市', '', 3381, 0, '3621', 3360, 0, '', NULL, 0),
	(3622, '贺州市', '', 3381, 0, '3622', 3360, 0, '', NULL, 0),
	(3623, '河池市', '', 3381, 0, '3623', 3360, 0, '', NULL, 0),
	(3624, '来宾市', '', 3381, 0, '3624', 3360, 0, '', NULL, 0),
	(3625, '崇左市', '', 3381, 0, '3625', 3360, 0, '', NULL, 0),
	(3626, '海口市', '', 3382, 0, '3626', 3360, 0, '', NULL, 0),
	(3627, '三亚市', '', 3382, 0, '3627', 3360, 0, '', NULL, 0),
	(3628, '五指山市', '', 3382, 0, '3628', 3360, 0, '', NULL, 0),
	(3629, '琼海市', '', 3382, 0, '3629', 3360, 0, '', NULL, 0),
	(3630, '儋州市', '', 3382, 0, '3630', 3360, 0, '', NULL, 0),
	(3631, '文昌市', '', 3382, 0, '3631', 3360, 0, '', NULL, 0),
	(3632, '万宁市', '', 3382, 0, '3632', 3360, 0, '', NULL, 0),
	(3633, '东方市', '', 3382, 0, '3633', 3360, 0, '', NULL, 0),
	(3634, '定安县', '', 3382, 0, '3634', 3360, 0, '', NULL, 0),
	(3635, '屯昌县', '', 3382, 0, '3635', 3360, 0, '', NULL, 0),
	(3636, '澄迈县', '', 3382, 0, '3636', 3360, 0, '', NULL, 0),
	(3637, '临高县', '', 3382, 0, '3637', 3360, 0, '', NULL, 0),
	(3638, '白沙黎族自治县', '', 3382, 0, '3638', 3360, 0, '', NULL, 0),
	(3639, '昌江黎族自治县', '', 3382, 0, '3639', 3360, 0, '', NULL, 0),
	(3640, '乐东黎族自治县', '', 3382, 0, '3640', 3360, 0, '', NULL, 0),
	(3641, '陵水黎族自治县', '', 3382, 0, '3641', 3360, 0, '', NULL, 0),
	(3642, '保亭黎族苗族自治县', '', 3382, 0, '3642', 3360, 0, '', NULL, 0),
	(3643, '琼中黎族苗族自治县', '', 3382, 0, '3643', 3360, 0, '', NULL, 0),
	(3644, '西沙群岛', '', 3382, 0, '3644', 3360, 0, '', NULL, 0),
	(3645, '南沙群岛', '', 3382, 0, '3645', 3360, 0, '', NULL, 0),
	(3646, '中沙群岛的岛礁及其海域', '', 3382, 0, '3646', 3360, 0, '', NULL, 0),
	(3647, '成都市', '', 3383, 0, '3647', 3360, 0, '', NULL, 0),
	(3648, '自贡市', '', 3383, 0, '3648', 3360, 0, '', NULL, 0),
	(3649, '攀枝花市', '', 3383, 0, '3649', 3360, 0, '', NULL, 0),
	(3650, '泸州市', '', 3383, 0, '3650', 3360, 0, '', NULL, 0),
	(3651, '德阳市', '', 3383, 0, '3651', 3360, 0, '', NULL, 0),
	(3652, '绵阳市', '', 3383, 0, '3652', 3360, 0, '', NULL, 0),
	(3653, '广元市', '', 3383, 0, '3653', 3360, 0, '', NULL, 0),
	(3654, '遂宁市', '', 3383, 0, '3654', 3360, 0, '', NULL, 0),
	(3655, '内江市', '', 3383, 0, '3655', 3360, 0, '', NULL, 0),
	(3656, '乐山市', '', 3383, 0, '3656', 3360, 0, '', NULL, 0),
	(3657, '南充市', '', 3383, 0, '3657', 3360, 0, '', NULL, 0),
	(3658, '眉山市', '', 3383, 0, '3658', 3360, 0, '', NULL, 0),
	(3659, '宜宾市', '', 3383, 0, '3659', 3360, 0, '', NULL, 0),
	(3660, '广安市', '', 3383, 0, '3660', 3360, 0, '', NULL, 0),
	(3661, '达州市', '', 3383, 0, '3661', 3360, 0, '', NULL, 0),
	(3662, '雅安市', '', 3383, 0, '3662', 3360, 0, '', NULL, 0),
	(3663, '巴中市', '', 3383, 0, '3663', 3360, 0, '', NULL, 0),
	(3664, '资阳市', '', 3383, 0, '3664', 3360, 0, '', NULL, 0),
	(3665, '阿坝州', '', 3383, 0, '3665', 3360, 0, '', NULL, 0),
	(3666, '甘孜州', '', 3383, 0, '3666', 3360, 0, '', NULL, 0),
	(3667, '凉山州', '', 3383, 0, '3667', 3360, 0, '', NULL, 0),
	(3668, '贵阳市', '', 3384, 0, '3668', 3360, 0, '', NULL, 0),
	(3669, '六盘水市', '', 3384, 0, '3669', 3360, 0, '', NULL, 0),
	(3670, '遵义市', '', 3384, 0, '3670', 3360, 0, '', NULL, 0),
	(3671, '安顺市', '', 3384, 0, '3671', 3360, 0, '', NULL, 0),
	(3672, '铜仁地区', '', 3384, 0, '3672', 3360, 0, '', NULL, 0),
	(3673, '黔西南州', '', 3384, 0, '3673', 3360, 0, '', NULL, 0),
	(3674, '毕节地区', '', 3384, 0, '3674', 3360, 0, '', NULL, 0),
	(3675, '黔东南州', '', 3384, 0, '3675', 3360, 0, '', NULL, 0),
	(3676, '黔南州', '', 3384, 0, '3676', 3360, 0, '', NULL, 0),
	(3677, '昆明市', '', 3385, 0, '3677', 3360, 0, '', NULL, 0),
	(3678, '曲靖市', '', 3385, 0, '3678', 3360, 0, '', NULL, 0),
	(3679, '玉溪市', '', 3385, 0, '3679', 3360, 0, '', NULL, 0),
	(3680, '保山市', '', 3385, 0, '3680', 3360, 0, '', NULL, 0),
	(3681, '昭通市', '', 3385, 0, '3681', 3360, 0, '', NULL, 0),
	(3682, '丽江市', '', 3385, 0, '3682', 3360, 0, '', NULL, 0),
	(3683, '思茅市', '', 3385, 0, '3683', 3360, 0, '', NULL, 0),
	(3684, '临沧市', '', 3385, 0, '3684', 3360, 0, '', NULL, 0),
	(3685, '楚雄州', '', 3385, 0, '3685', 3360, 0, '', NULL, 0),
	(3686, '红河州', '', 3385, 0, '3686', 3360, 0, '', NULL, 0),
	(3687, '文山州', '', 3385, 0, '3687', 3360, 0, '', NULL, 0),
	(3688, '西双版纳', '', 3385, 0, '3688', 3360, 0, '', NULL, 0),
	(3689, '大理', '', 3385, 0, '3689', 3360, 0, '', NULL, 0),
	(3690, '德宏', '', 3385, 0, '3690', 3360, 0, '', NULL, 0),
	(3691, '怒江', '', 3385, 0, '3691', 3360, 0, '', NULL, 0),
	(3692, '迪庆', '', 3385, 0, '3692', 3360, 0, '', NULL, 0),
	(3693, '拉萨市', '', 3386, 0, '3693', 3360, 0, '', NULL, 0),
	(3694, '昌都', '', 3386, 0, '3694', 3360, 0, '', NULL, 0),
	(3695, '山南', '', 3386, 0, '3695', 3360, 0, '', NULL, 0),
	(3696, '日喀则', '', 3386, 0, '3696', 3360, 0, '', NULL, 0),
	(3697, '那曲', '', 3386, 0, '3697', 3360, 0, '', NULL, 0),
	(3698, '阿里', '', 3386, 0, '3698', 3360, 0, '', NULL, 0),
	(3699, '林芝', '', 3386, 0, '3699', 3360, 0, '', NULL, 0),
	(3700, '西安市', '', 3387, 0, '3700', 3360, 0, '', NULL, 0),
	(3701, '铜川市', '', 3387, 0, '3701', 3360, 0, '', NULL, 0),
	(3702, '宝鸡市', '', 3387, 0, '3702', 3360, 0, '', NULL, 0),
	(3703, '咸阳市', '', 3387, 0, '3703', 3360, 0, '', NULL, 0),
	(3704, '渭南市', '', 3387, 0, '3704', 3360, 0, '', NULL, 0),
	(3705, '延安市', '', 3387, 0, '3705', 3360, 0, '', NULL, 0),
	(3706, '汉中市', '', 3387, 0, '3706', 3360, 0, '', NULL, 0),
	(3707, '榆林市', '', 3387, 0, '3707', 3360, 0, '', NULL, 0),
	(3708, '安康市', '', 3387, 0, '3708', 3360, 0, '', NULL, 0),
	(3709, '商洛市', '', 3387, 0, '3709', 3360, 0, '', NULL, 0),
	(3710, '兰州市', '', 3388, 0, '3710', 3360, 0, '', NULL, 0),
	(3711, '嘉峪关市', '', 3388, 0, '3711', 3360, 0, '', NULL, 0),
	(3712, '金昌市', '', 3388, 0, '3712', 3360, 0, '', NULL, 0),
	(3713, '白银市', '', 3388, 0, '3713', 3360, 0, '', NULL, 0),
	(3714, '天水市', '', 3388, 0, '3714', 3360, 0, '', NULL, 0),
	(3715, '武威市', '', 3388, 0, '3715', 3360, 0, '', NULL, 0),
	(3716, '张掖市', '', 3388, 0, '3716', 3360, 0, '', NULL, 0),
	(3717, '平凉市', '', 3388, 0, '3717', 3360, 0, '', NULL, 0),
	(3718, '酒泉市', '', 3388, 0, '3718', 3360, 0, '', NULL, 0),
	(3719, '庆阳市', '', 3388, 0, '3719', 3360, 0, '', NULL, 0),
	(3720, '定西市', '', 3388, 0, '3720', 3360, 0, '', NULL, 0),
	(3721, '陇南市', '', 3388, 0, '3721', 3360, 0, '', NULL, 0),
	(3722, '临夏州', '', 3388, 0, '3722', 3360, 0, '', NULL, 0),
	(3723, '甘州', '', 3388, 0, '3723', 3360, 0, '', NULL, 0),
	(3724, '西宁市', '', 3389, 0, '3724', 3360, 0, '', NULL, 0),
	(3725, '海东地区', '', 3389, 0, '3725', 3360, 0, '', NULL, 0),
	(3726, '海州', '', 3389, 0, '3726', 3360, 0, '', NULL, 0),
	(3727, '黄南州', '', 3389, 0, '3727', 3360, 0, '', NULL, 0),
	(3728, '海南州', '', 3389, 0, '3728', 3360, 0, '', NULL, 0),
	(3729, '果洛州', '', 3389, 0, '3729', 3360, 0, '', NULL, 0),
	(3730, '玉树州', '', 3389, 0, '3730', 3360, 0, '', NULL, 0),
	(3731, '海西州', '', 3389, 0, '3731', 3360, 0, '', NULL, 0),
	(3732, '银川市', '', 3390, 0, '3732', 3360, 0, '', NULL, 0),
	(3733, '石嘴山市', '', 3390, 0, '3733', 3360, 0, '', NULL, 0),
	(3734, '吴忠市', '', 3390, 0, '3734', 3360, 0, '', NULL, 0),
	(3735, '固原市', '', 3390, 0, '3735', 3360, 0, '', NULL, 0),
	(3736, '中卫市', '', 3390, 0, '3736', 3360, 0, '', NULL, 0),
	(3737, '乌鲁木齐市', '', 3391, 0, '3737', 3360, 0, '', NULL, 0),
	(3738, '克拉玛依市', '', 3391, 0, '3738', 3360, 0, '', NULL, 0),
	(3739, '吐鲁番地区', '', 3391, 0, '3739', 3360, 0, '', NULL, 0),
	(3740, '哈密地区', '', 3391, 0, '3740', 3360, 0, '', NULL, 0),
	(3741, '昌吉州', '', 3391, 0, '3741', 3360, 0, '', NULL, 0),
	(3742, '博尔州', '', 3391, 0, '3742', 3360, 0, '', NULL, 0),
	(3743, '巴音郭楞州', '', 3391, 0, '3743', 3360, 0, '', NULL, 0),
	(3744, '阿克苏地区', '', 3391, 0, '3744', 3360, 0, '', NULL, 0),
	(3745, '克孜勒苏柯尔克孜自治州', '', 3391, 0, '3745', 3360, 0, '', NULL, 0),
	(3746, '喀什地区', '', 3391, 0, '3746', 3360, 0, '', NULL, 0),
	(3747, '和田地区', '', 3391, 0, '3747', 3360, 0, '', NULL, 0),
	(3748, '伊犁州', '', 3391, 0, '3748', 3360, 0, '', NULL, 0),
	(3749, '塔城地区', '', 3391, 0, '3749', 3360, 0, '', NULL, 0),
	(3750, '阿勒泰地区', '', 3391, 0, '3750', 3360, 0, '', NULL, 0),
	(3751, '石河子市', '', 3391, 0, '3751', 3360, 0, '', NULL, 0),
	(3752, '阿拉尔市', '', 3391, 0, '3752', 3360, 0, '', NULL, 0),
	(3753, '图木舒克市', '', 3391, 0, '3753', 3360, 0, '', NULL, 0),
	(3754, '五家渠市', '', 3391, 0, '3754', 3360, 0, '', NULL, 0),
	(3755, '台北市', '', 3392, 0, '3755', 3360, 0, '', NULL, 0),
	(3756, '高雄市', '', 3392, 0, '3756', 3360, 0, '', NULL, 0),
	(3757, '基隆市', '', 3392, 0, '3757', 3360, 0, '', NULL, 0),
	(3758, '新竹市', '', 3392, 0, '3758', 3360, 0, '', NULL, 0),
	(3759, '台中市', '', 3392, 0, '3759', 3360, 0, '', NULL, 0),
	(3760, '嘉义市', '', 3392, 0, '3760', 3360, 0, '', NULL, 0),
	(3761, '台南市', '', 3392, 0, '3761', 3360, 0, '', NULL, 0),
	(3762, '台北县', '', 3392, 0, '3762', 3360, 0, '', NULL, 0),
	(3763, '桃园县', '', 3392, 0, '3763', 3360, 0, '', NULL, 0),
	(3764, '新竹县', '', 3392, 0, '3764', 3360, 0, '', NULL, 0),
	(3765, '苗栗县', '', 3392, 0, '3765', 3360, 0, '', NULL, 0),
	(3766, '台中县', '', 3392, 0, '3766', 3360, 0, '', NULL, 0),
	(3767, '彰化县', '', 3392, 0, '3767', 3360, 0, '', NULL, 0),
	(3768, '南投县', '', 3392, 0, '3768', 3360, 0, '', NULL, 0),
	(3769, '云林县', '', 3392, 0, '3769', 3360, 0, '', NULL, 0),
	(3770, '嘉义县', '', 3392, 0, '3770', 3360, 0, '', NULL, 0),
	(3771, '台南县', '', 3392, 0, '3771', 3360, 0, '', NULL, 0),
	(3772, '高雄县', '', 3392, 0, '3772', 3360, 0, '', NULL, 0),
	(3773, '屏东县', '', 3392, 0, '3773', 3360, 0, '', NULL, 0),
	(3774, '宜兰县', '', 3392, 0, '3774', 3360, 0, '', NULL, 0),
	(3775, '花莲县', '', 3392, 0, '3775', 3360, 0, '', NULL, 0),
	(3776, '台东县', '', 3392, 0, '3776', 3360, 0, '', NULL, 0),
	(3777, '澎湖县', '', 3392, 0, '3777', 3360, 0, '', NULL, 0),
	(3778, '金门县', '', 3392, 0, '3778', 3360, 0, '', NULL, 0),
	(3779, '连江县', '', 3392, 0, '3779', 3360, 0, '', NULL, 0),
	(3780, '直辖市', '', 0, 1, '3780,3361,3362,3363,3364', 3360, 0, '', NULL, 0),
	(3781, '特别行政区', '', 0, 1, '3781,3393,3394', 3360, 32, '', NULL, 0),
	(3796, '日期', '', 0, 0, NULL, 0, 0, '', NULL, 1),
	(3797, '一月\r', '', 0, 1, ',1', 3796, 0, '', NULL, 1),
	(3798, '二月\r', '', 0, 0, NULL, 3796, 0, '', NULL, 1),
	(3799, '三月', '', 0, 0, NULL, 3796, 0, '', NULL, 1),
	(3800, '1\r', '', 3797, 1, ',1', 3796, 0, '', NULL, 1),
	(3801, '2\r', '', 3797, 0, NULL, 3796, 0, '', NULL, 1),
	(3802, '3\r', '', 3797, 0, NULL, 3796, 0, '', NULL, 1),
	(3803, '4\r', '', 3797, 0, NULL, 3796, 0, '', NULL, 1),
	(3804, '5\r', '', 3797, 0, NULL, 3796, 0, '', NULL, 1),
	(3805, '6\r', '', 3797, 0, NULL, 3796, 0, '', NULL, 1),
	(3806, '7', '', 3797, 0, NULL, 3796, 0, '', NULL, 1),
	(3807, '朝阳区\r', '', 3361, 0, NULL, 3360, 0, '', NULL, 1),
	(3808, '昌平县', '', 3361, 0, NULL, 3360, 0, '', NULL, 1);
/*!40000 ALTER TABLE `xy_linkage` ENABLE KEYS */;

-- 导出  表 hhailuocms.xy_log 结构
CREATE TABLE IF NOT EXISTS `xy_log` (
  `id` int(11) NOT NULL AUTO_INCREMENT,
  `username` varchar(50) NOT NULL DEFAULT '' COMMENT '用户',
  `module` varchar(50) NOT NULL DEFAULT '' COMMENT '模块',
  `action` varchar(255) NOT NULL DEFAULT '' COMMENT '操作',
  `querystring` varchar(255) NOT NULL DEFAULT '' COMMENT 'URL',
  `userid` smallint(5) NOT NULL DEFAULT '0' COMMENT '用户ID',
  `ip` char(15) NOT NULL DEFAULT '' COMMENT 'IP',
  `date` datetime NOT NULL DEFAULT '1970-01-01 08:00:01' COMMENT '时间',
  `status` tinyint(1) NOT NULL DEFAULT '0' COMMENT '0：登陆失败; 1：操作成功；2：无权限',
  PRIMARY KEY (`id`)
) ENGINE=InnoDB AUTO_INCREMENT=22 DEFAULT CHARSET=utf8 COMMENT='操作日志';

-- 正在导出表  hhailuocms.xy_log 的数据：~15 rows (大约)
/*!40000 ALTER TABLE `xy_log` DISABLE KEYS */;
INSERT INTO `xy_log` (`id`, `username`, `module`, `action`, `querystring`, `userid`, `ip`, `date`, `status`) VALUES
	(1, 'xiaoyao', 'Page', 'index', '/Page/index.html', 1, '127.0.0.1', '2017-07-20 20:34:36', 1),
	(2, 'xiaoyao', 'Post', 'index', '/Post/index.html', 1, '127.0.0.1', '2017-07-20 20:34:38', 1),
	(3, 'xiaoyao', 'Post', 'delete', '/Post/delete.html', 1, '127.0.0.1', '2017-07-20 20:34:43', 1),
	(4, 'xiaoyao', 'Post', 'index', '/Post/index.html', 1, '127.0.0.1', '2017-07-20 20:34:44', 1),
	(5, 'xiaoyao', 'Post', 'index', '/Post/index.html', 1, '127.0.0.1', '2017-07-20 20:34:44', 1),
	(6, 'xiaoyao', 'Post', 'delete', '/Post/delete.html', 1, '127.0.0.1', '2017-07-20 20:34:48', 1),
	(7, 'xiaoyao', 'Post', 'index', '/Post/index.html', 1, '127.0.0.1', '2017-07-20 20:34:49', 1),
	(8, 'xiaoyao', 'Post', 'index', '/Post/index.html', 1, '127.0.0.1', '2017-07-20 20:34:52', 1),
	(9, 'xiaoyao', 'Post', 'delete', '/Post/delete.html', 1, '127.0.0.1', '2017-07-20 20:34:56', 1),
	(10, 'xiaoyao', 'Post', 'index', '/Post/index.html', 1, '127.0.0.1', '2017-07-20 20:34:57', 1),
	(11, 'xiaoyao', 'Post', 'index', '/Post/index.html', 1, '127.0.0.1', '2017-07-20 20:35:05', 1),
	(12, 'xiaoyao', 'Post', 'index', '/Post/index.html', 1, '127.0.0.1', '2017-07-20 20:35:07', 1),
	(13, 'xiaoyao', 'Post', 'index', '/Post/index.html', 1, '127.0.0.1', '2017-07-20 20:35:09', 1),
	(14, 'xiaoyao', 'Post', 'index', '/Post/index.html', 1, '127.0.0.1', '2017-07-20 20:35:12', 1),
	(15, 'xiaoyao', 'Post', 'index', '/Post/index.html', 1, '127.0.0.1', '2017-07-20 20:35:14', 1),
	(16, 'xiaoyao', 'Member', 'index', '/Member/index.html', 1, '127.0.0.1', '2017-07-20 20:37:58', 1),
	(17, 'xiaoyao', 'File', 'upload', '/File/upload.html', 1, '127.0.0.1', '2017-07-20 20:38:01', 1),
	(18, 'xiaoyao', 'Menu', 'index', '/Menu/index.html', 1, '127.0.0.1', '2017-07-20 20:38:05', 1),
	(19, 'xiaoyao', 'Menu', 'del', '/Menu/del.html', 1, '127.0.0.1', '2017-07-20 20:38:12', 1),
	(20, 'xiaoyao', 'Menu', 'index', '/Menu/index.html', 1, '127.0.0.1', '2017-07-20 20:38:13', 1),
	(21, 'xiaoyao', 'Member', 'index', '/Member/index.html', 1, '127.0.0.1', '2017-07-20 20:38:29', 1);
/*!40000 ALTER TABLE `xy_log` ENABLE KEYS */;

-- 导出  表 hhailuocms.xy_member 结构
CREATE TABLE IF NOT EXISTS `xy_member` (
  `id` int(11) NOT NULL AUTO_INCREMENT,
  `siteid` smallint(5) NOT NULL,
  `username` varchar(20) NOT NULL DEFAULT '',
  `post_type` varchar(255) NOT NULL,
  `listorder` smallint(5) unsigned NOT NULL DEFAULT '0',
  `status` tinyint(1) unsigned NOT NULL DEFAULT '0',
  `creator` char(20) NOT NULL,
  `inputtime` timestamp NOT NULL DEFAULT '1970-01-01 08:00:01',
  `updatetime` timestamp NOT NULL DEFAULT '1970-01-01 08:00:01',
  `password` varchar(32) NOT NULL DEFAULT '',
  `salt` char(6) NOT NULL,
  `remember_token` varchar(255) NOT NULL DEFAULT '',
  `phone` varchar(255) NOT NULL DEFAULT '',
  `last_login_time` datetime DEFAULT NULL,
  `last_login_ip` varchar(255) NOT NULL DEFAULT '',
  `try_time` int(10) unsigned NOT NULL DEFAULT '0',
  `email` varchar(255) NOT NULL DEFAULT '',
  `points` int(10) unsigned NOT NULL DEFAULT '0',
  `address` varchar(255) NOT NULL DEFAULT '',
  `region` varchar(255) NOT NULL DEFAULT '',
  `card` varchar(18) NOT NULL DEFAULT '',
  `sex` tinyint(3) unsigned NOT NULL DEFAULT '0',
  `realname` varchar(255) NOT NULL DEFAULT '',
  `avatar` varchar(255) NOT NULL DEFAULT '',
  `birth` date DEFAULT NULL,
  `email_is_validate` tinyint(1) unsigned NOT NULL DEFAULT '0',
  `phone_is_validate` tinyint(1) unsigned NOT NULL DEFAULT '0',
  PRIMARY KEY (`id`),
  KEY `listorder` (`listorder`)
) ENGINE=InnoDB DEFAULT CHARSET=utf8;

-- 正在导出表  hhailuocms.xy_member 的数据：~0 rows (大约)
/*!40000 ALTER TABLE `xy_member` DISABLE KEYS */;
/*!40000 ALTER TABLE `xy_member` ENABLE KEYS */;

-- 导出  表 hhailuocms.xy_model 结构
CREATE TABLE IF NOT EXISTS `xy_model` (
  `id` tinyint(3) unsigned NOT NULL AUTO_INCREMENT,
  `siteid` smallint(5) NOT NULL DEFAULT '0',
  `name` varchar(255) NOT NULL DEFAULT '',
  `tablename` varchar(50) NOT NULL DEFAULT '',
  `description` varchar(200) NOT NULL DEFAULT '',
  `type` tinyint(1) unsigned NOT NULL DEFAULT '0' COMMENT '0:独立模型；1:父模型；2:子模型',
  `parentid` tinyint(3) DEFAULT '0' COMMENT '父模型ID',
  PRIMARY KEY (`id`)
) ENGINE=InnoDB AUTO_INCREMENT=52 DEFAULT CHARSET=utf8;

-- 正在导出表  hhailuocms.xy_model 的数据：~4 rows (大约)
/*!40000 ALTER TABLE `xy_model` DISABLE KEYS */;
INSERT INTO `xy_model` (`id`, `siteid`, `name`, `tablename`, `description`, `type`, `parentid`) VALUES
	(20, 1, '资讯模型', 'post', '资讯类模型基础模型', 1, 0),
	(21, 1, '新闻', 'news', '', 2, 20),
	(23, 1, '视频', 'video', '', 2, 20);
/*!40000 ALTER TABLE `xy_model` ENABLE KEYS */;

-- 导出  表 hhailuocms.xy_model_field 结构
CREATE TABLE IF NOT EXISTS `xy_model_field` (
  `fieldid` mediumint(8) unsigned NOT NULL AUTO_INCREMENT,
  `modelid` smallint(5) unsigned NOT NULL DEFAULT '0',
  `siteid` smallint(5) unsigned NOT NULL DEFAULT '0',
  `field` varchar(20) NOT NULL DEFAULT '',
  `name` varchar(30) NOT NULL DEFAULT '',
  `tips` text,
  `css` varchar(30) NOT NULL DEFAULT '',
  `minlength` int(10) unsigned NOT NULL DEFAULT '0',
  `maxlength` int(10) unsigned NOT NULL DEFAULT '0',
  `pattern` varchar(255) NOT NULL DEFAULT '',
  `errortips` varchar(255) NOT NULL DEFAULT '',
  `formtype` varchar(20) NOT NULL DEFAULT '',
  `setting` mediumtext,
  `formattribute` varchar(255) NOT NULL DEFAULT '',
  `iscore` tinyint(1) unsigned NOT NULL DEFAULT '0',
  `issystem` tinyint(1) unsigned NOT NULL DEFAULT '0',
  `isunique` tinyint(1) unsigned NOT NULL DEFAULT '0',
  `isbase` tinyint(1) unsigned NOT NULL DEFAULT '0',
  `issearch` tinyint(1) unsigned NOT NULL DEFAULT '0',
  `isadd` tinyint(1) unsigned NOT NULL DEFAULT '0',
  `islist` tinyint(1) unsigned NOT NULL DEFAULT '0',
  `listorder` mediumint(8) unsigned NOT NULL DEFAULT '10',
  `disabled` tinyint(1) unsigned NOT NULL DEFAULT '0',
  `isomnipotent` tinyint(1) unsigned NOT NULL DEFAULT '0',
  PRIMARY KEY (`fieldid`),
  KEY `modelid` (`modelid`,`disabled`),
  KEY `field` (`field`,`modelid`)
) ENGINE=InnoDB AUTO_INCREMENT=280 DEFAULT CHARSET=utf8;

-- 正在导出表  hhailuocms.xy_model_field 的数据：~40 rows (大约)
/*!40000 ALTER TABLE `xy_model_field` DISABLE KEYS */;
INSERT INTO `xy_model_field` (`fieldid`, `modelid`, `siteid`, `field`, `name`, `tips`, `css`, `minlength`, `maxlength`, `pattern`, `errortips`, `formtype`, `setting`, `formattribute`, `iscore`, `issystem`, `isunique`, `isbase`, `issearch`, `isadd`, `islist`, `listorder`, `disabled`, `isomnipotent`) VALUES
	(88, 20, 1, 'title', '标题', '', 'inputtitle', 1, 80, '', '请输入标题', 'title', '', '', 0, 1, 0, 1, 1, 1, 1, 0, 0, 0),
	(89, 20, 1, 'updatetime', '更新时间', '', '', 0, 0, '', '', 'datetime', 'array (\r\n  \'dateformat\' => \'datetime\',\r\n  \'format\' => \'Y-m-d H:i:s\',\r\n  \'defaulttype\' => \'0\',\r\n  \'defaultvalue\' => \'\',\r\n)', '', 1, 1, 0, 1, 0, 0, 0, 22, 0, 0),
	(90, 20, 1, 'creator', '创建人', '', '', 0, 0, '', '', 'text', '', '', 1, 1, 0, 1, 0, 0, 0, 23, 0, 0),
	(91, 20, 1, 'post_type', '类别', '', '', 0, 0, '', '', 'number', '', '', 1, 1, 0, 1, 0, 0, 0, 23, 0, 0),
	(92, 20, 1, 'inputtime', '发布时间', '', '', 0, 0, '', '', 'datetime', 'array (\n  \'fieldtype\' => \'datetime\',\n  \'format\' => \'Y-m-d H:i:s\',\n  \'defaulttype\' => \'0\',\n)', '', 0, 1, 0, 0, 0, 0, 0, 21, 0, 0),
	(93, 20, 1, 'listorder', '排序', '', '', 0, 6, '', '', 'number', '', '', 1, 1, 0, 1, 0, 0, 0, 51, 0, 0),
	(94, 21, 1, 'template', '模板', '', '', 0, 0, '', '', 'text', '', '', 1, 1, 0, 1, 0, 0, 0, 23, 0, 0),
	(96, 23, 1, 'template', '模板', '', '', 0, 0, '', '', 'text', '', '', 1, 1, 0, 1, 0, 0, 0, 23, 0, 0),
	(97, 20, 1, 'thumb', '缩略图', '', '', 0, 0, '', '', 'image', 'array (\n  \'size\' => \'\',\n  \'defaultvalue\' => \'\',\n  \'show_type\' => \'1\',\n  \'upload_allowext\' => \'gif|jpg|jpeg|png|bmp\',\n  \'watermark\' => \'0\',\n  \'isselectimage\' => \'1\',\n  \'images_width\' => \'\',\n  \'images_height\' => \'\',\n)', '', 0, 1, 0, 0, 0, 0, 0, 10, 0, 0),
	(98, 20, 1, 'author', '编辑', '', '', 0, 0, '', '', 'text', 'array (\n  \'size\' => \'50\',\n  \'defaultvalue\' => \'\',\n  \'ispassword\' => \'0\',\n  \'ishidden\' => \'0\',\n)', '', 0, 1, 0, 0, 0, 0, 0, 10, 0, 0),
	(99, 20, 1, 'keywords', '关键词', '', '', 0, 0, '', '', 'text', 'array (\n  \'size\' => \'50\',\n  \'defaultvalue\' => \'\',\n  \'ispassword\' => \'0\',\n  \'ishidden\' => \'0\',\n)', '', 0, 1, 0, 0, 0, 0, 0, 10, 0, 0),
	(100, 20, 1, 'description', '描述', '', '', 0, 0, '', '', 'textarea', 'array (\n  \'width\' => \'98\',\n  \'height\' => \'46\',\n  \'defaultvalue\' => \'\',\n  \'enablehtml\' => \'0\',\n)', '', 0, 1, 0, 0, 0, 0, 0, 10, 0, 0),
	(101, 20, 1, 'content', '内容', '', '', 0, 0, '', '', 'editor', 'array (\n  \'toolbar\' => \'full\',\n  \'defaultvalue\' => \'\',\n  \'enablekeylink\' => \'0\',\n  \'replacenum\' => \'1\',\n  \'link_mode\' => \'0\',\n  \'enablesaveimage\' => \'0\',\n  \'height\' => \'200\',\n)', '', 0, 1, 0, 0, 0, 0, 0, 20, 0, 0),
	(102, 20, 1, 'relation', '相关文章', '', '', 0, 0, '', '', 'relationship', 'array (\n  \'model\' => \n  array (\n    0 => \'21\',\n    1 => \'22\',\n    2 => \'23\',\n  ),\n)', '', 0, 1, 0, 0, 0, 0, 0, 20, 0, 0),
	(140, 23, 1, 'video_url', '视频地址', '', '', 0, 0, '', '', 'images', 'array (\n  \'upload_allowext\' => \'mp4|flv|wmv\',\n  \'isselectimage\' => \'1\',\n  \'upload_number\' => \'10\',\n)', '', 0, 1, 0, 0, 0, 0, 0, 10, 0, 0),
	(142, 20, 1, 'posid', '推荐位', '', '', 0, 0, '', '', 'posid', 'array (\n  \'width\' => \'125\',\n  \'defaultvalue\' => \'\',\n)', '', 0, 1, 0, 0, 0, 0, 0, 10, 0, 0),
	(176, 23, 1, 'relationnews', '关联新闻', '关联新闻', '', 0, 0, '', '', 'relationship', 'array (\n  \'model\' => \n  array (\n    0 => \'21\',\n  ),\n)', '', 0, 1, 0, 0, 0, 0, 1, 10, 0, 0);
/*!40000 ALTER TABLE `xy_model_field` ENABLE KEYS */;

-- 导出  表 hhailuocms.xy_news 结构
CREATE TABLE IF NOT EXISTS `xy_news` (
  `id` int(11) NOT NULL AUTO_INCREMENT,
  `template` varchar(255) NOT NULL,
  PRIMARY KEY (`id`)
) ENGINE=InnoDB AUTO_INCREMENT=171 DEFAULT CHARSET=utf8;

-- 正在导出表  hhailuocms.xy_news 的数据：~29 rows (大约)
/*!40000 ALTER TABLE `xy_news` DISABLE KEYS */;
INSERT INTO `xy_news` (`id`, `template`) VALUES
	(5, 'post'),
	(6, 'post'),
	(7, 'post'),
	(8, 'post'),
	(9, 'post'),
	(10, 'post'),
	(11, 'post'),
	(12, 'post'),
	(13, 'post'),
	(14, 'post'),
	(15, 'post'),
	(16, 'post'),
	(17, 'post'),
	(18, 'post'),
	(19, 'post'),
	(20, 'post'),
	(21, 'post'),
	(22, 'post'),
	(23, 'post'),
	(24, 'post'),
	(25, 'post'),
	(26, 'post'),
	(27, 'post'),
	(28, 'post'),
	(29, 'post'),
	(30, 'post'),
	(31, 'post'),
	(168, 'post'),
	(169, '');
/*!40000 ALTER TABLE `xy_news` ENABLE KEYS */;

-- 导出  表 hhailuocms.xy_node 结构
CREATE TABLE IF NOT EXISTS `xy_node` (
  `id` smallint(6) unsigned NOT NULL AUTO_INCREMENT,
  `module` varchar(255) NOT NULL DEFAULT '',
  `action` varchar(255) NOT NULL DEFAULT '',
  `title` varchar(50) DEFAULT NULL,
  `status` tinyint(1) DEFAULT '0',
  `post_type` varchar(255) NOT NULL DEFAULT '',
  `sort` smallint(6) unsigned DEFAULT NULL,
  `pid` smallint(6) unsigned NOT NULL DEFAULT '0',
  `params` varchar(255) NOT NULL DEFAULT '',
  `request_method` tinyint(1) unsigned NOT NULL DEFAULT '0' COMMENT '是否验证请求方式；0: 否,1:是',
  `remark` varchar(255) NOT NULL DEFAULT '',
  PRIMARY KEY (`id`)
) ENGINE=InnoDB AUTO_INCREMENT=476 DEFAULT CHARSET=utf8;

-- 正在导出表  hhailuocms.xy_node 的数据：~151 rows (大约)
/*!40000 ALTER TABLE `xy_node` DISABLE KEYS */;
INSERT INTO `xy_node` (`id`, `module`, `action`, `title`, `status`, `post_type`, `sort`, `pid`, `params`, `request_method`, `remark`) VALUES
	(3, 'Menu', 'index', '菜单管理', 1, '', 0, 69, '', 0, ''),
	(5, 'Index', 'main', '默认首页', 1, '', 10, 58, '', 0, ''),
	(11, 'Menu', 'add', '添加', 1, '', 0, 3, '', 1, ''),
	(12, 'Menu', 'edit', '编辑', 1, '', 0, 3, '', 1, ''),
	(14, 'Menu', 'del', '删除', 1, '', 0, 3, '', 0, ''),
	(16, 'Role', 'index', '角色管理', 1, '', 0, 68, '', 0, ''),
	(17, 'Role', 'edit', '编辑', 1, '', 0, 16, '', 1, ''),
	(19, 'User', 'index', '管理员管理', 1, '', 0, 68, '', 0, ''),
	(21, 'User', 'add', '添加', 1, '', 0, 19, '', 1, ''),
	(22, 'User', 'edit', '编辑', 1, '', 0, 19, '', 1, ''),
	(23, 'User', 'del', '删除', 1, '', 0, 19, '', 0, ''),
	(25, 'Log', 'index', '操作日志', 1, '', 0, 69, '', 0, ''),
	(32, 'User', 'changePassword', '密码修改', 1, '', 0, 58, '', 1, ''),
	(41, 'Log', 'search', '查询', 1, '', 0, 25, '', 0, ''),
	(53, 'Index', 'cache_clean', '缓存清理', 1, '', 0, 66, '', 0, ''),
	(58, 'Index', 'left', '个人信息', 1, '', 1, 59, '', 0, ''),
	(59, 'Index', 'index', '我的面板', 1, '', 10, 0, '', 0, ''),
	(62, 'Role', 'index', '设置', 1, '', 9, 0, '', 0, ''),
	(63, 'Menu', 'index', '扩展', 1, '', 5, 0, '', 0, ''),
	(66, 'Convenience', 'index', '快捷操作', 1, '', 0, 59, '', 0, ''),
	(68, 'Manager', 'index', '管理员设置', 1, '', 0, 62, '', 0, ''),
	(69, 'Menu', 'index', '扩展管理', 1, '', 0, 63, '', 0, ''),
	(114, 'Site', 'index', '相关设置', 1, '', 1, 62, '', 0, ''),
	(115, 'Site', 'index', '站点管理', 1, '', 0, 114, '', 0, ''),
	(116, 'Site', 'add', '添加', 1, '', 0, 115, '', 1, ''),
	(117, 'Site', 'edit', '修改', 1, '', 0, 115, '', 1, ''),
	(245, 'Post', 'index', '内容', 1, '', 7, 0, '', 0, ''),
	(248, 'Category', 'index', '栏目管理', 1, '', 3, 316, '', 0, ''),
	(249, 'Model', 'index', '模型管理', 1, '', 2, 315, '', 0, ''),
	(253, 'Linkage', 'index', '联动菜单', 1, '', 0, 69, '', 0, ''),
	(254, 'Post', 'add', '添加', 1, '', 0, 325, '', 1, ''),
	(255, 'Post', 'edit', '修改', 1, '', 0, 325, '', 1, ''),
	(256, 'Post', 'delete', '删除', 0, '', 0, 297, '', 0, ''),
	(263, 'Post', 'public_check_title', '标题重复检测', 1, '', 0, 325, '', 0, ''),
	(267, 'User', 'public_checkname_ajx', '异步检测用户名', 1, '', 0, 32, '', 0, '10'),
	(268, 'User', 'public_password_ajx', '异步检测密码', 0, '', 0, 32, '', 0, ''),
	(269, 'User', 'public_email_ajx', '异步检测emial合法性', 1, '', 0, 32, '', 0, ''),
	(270, 'Site', 'delete', '删除', 1, '', 0, 115, '', 0, ''),
	(271, 'Site', 'public_name', '站点名称重复检测', 1, '', 0, 115, '', 0, ''),
	(272, 'Site', 'public_dirname', '站点目录重名检测', 1, '', 0, 115, '', 0, ''),
	(273, 'Role', 'add', '添加', 1, '', 0, 16, '', 1, ''),
	(274, 'Role', 'del', '删除', 1, '', 0, 16, '', 0, ''),
	(275, 'Role', 'limits', '授权', 1, '', 0, 16, '', 1, ''),
	(277, 'Category', 'add', '添加', 1, '', 0, 248, '', 1, ''),
	(278, 'Category', 'edit', '修改', 1, '', 0, 248, '', 1, ''),
	(279, 'Category', 'del', '删除', 1, '', 0, 248, '', 0, ''),
	(280, 'Category', 'listorder', '排序', 1, '', 0, 248, '', 0, ''),
	(281, 'Category', 'public_check_catdir', 'ajax检查栏目是否存在', 1, '', 0, 248, '', 0, ''),
	(282, 'Model', 'add', '添加', 1, '', 0, 249, '', 1, ''),
	(283, 'Model', 'edit', '编辑', 1, '', 0, 249, '', 1, ''),
	(284, 'Model', 'delete', '删除', 1, '', 0, 249, '', 0, ''),
	(285, 'Model', 'public_check_name', '模型名称重复异步检测', 1, '', 0, 249, '', 0, ''),
	(292, 'Menu', 'listorder', '排序', 1, '', 0, 3, '', 0, ''),
	(293, 'Linkage', 'show_sub_menu', '显示子菜单', 1, '', 0, 253, '', 0, ''),
	(294, 'Linkage', 'add', '添加子菜单', 1, '', 0, 253, '', 1, ''),
	(295, 'Linkage', 'add_top_menu', '添加顶级菜单', 1, '', 0, 253, '', 0, ''),
	(296, 'Linkage', 'edit', '编辑', 1, '', 0, 253, '', 1, ''),
	(297, 'Linkage', 'listorder', '排序', 1, '', 0, 253, '', 0, ''),
	(298, 'Linkage', 'delete', '删除子菜单', 1, '', 0, 253, '', 0, ''),
	(299, 'Linkage', 'delete_top', '删除顶级菜单', 1, '', 0, 253, '', 0, ''),
	(301, 'ModelField', 'index', '模型字段管理', 1, '', 0, 249, '', 0, ''),
	(302, 'ModelField', 'add', '添加字段', 1, '', 0, 301, '', 1, ''),
	(303, 'ModelField', 'edit', '修改字段', 1, '', 0, 301, '', 1, ''),
	(304, 'ModelField', 'delete', '删除字段', 1, '', 0, 301, '', 0, ''),
	(305, 'ModelField', 'disabled', '禁用字段', 1, '', 0, 301, '', 0, ''),
	(306, 'ModelField', 'listorder', '字段排序', 1, '', 0, 301, '', 0, ''),
	(307, 'ModelField', 'public_checkfield', '字段重复检查', 1, '', 0, 301, '', 0, ''),
	(308, 'ModelField', 'public_field_setting', '字段属性异步载入', 1, '', 0, 301, '', 0, ''),
	(309, 'ModelField', 'public_priview', '模型预览', 1, '', 1, 249, '', 0, ''),
	(312, 'Index', 'change_site', '站点切换', 1, '', 0, 115, '', 0, ''),
	(315, 'Module', 'index', '内容设置', 1, '', 0, 62, '', 0, ''),
	(316, 'Taxonomy', 'index', '分类管理', 1, '', 0, 315, '', 0, ''),
	(317, 'Taxonomy', 'register', '注册分类', 1, '', 0, 316, '', 1, ''),
	(318, 'Taxonomy', 'delete', '注销分类', 1, '', 0, 316, '', 0, ''),
	(320, 'Post', 'index', 'TP4', 1, '', 0, 319, 'moduleid=25', 0, ''),
	(323, 'Post', 'index', 'TP4', 1, '', 0, 322, 'moduleid=26', 0, ''),
	(325, 'Post', 'index', '模型内容管理', 1, '', 0, 249, '', 0, ''),
	(326, 'Post', 'listorder', '排序', 1, '', 0, 325, '', 0, ''),
	(328, 'Post', 'index', 'TP3', 1, '', 0, 327, 'moduleid=27', 0, ''),
	(330, 'Post', 'index', 'TP3', 1, '', 0, 329, 'moduleid=28', 0, ''),
	(334, 'Post', 'index', '内容模型', 1, '', 0, 333, 'moduleid=29', 0, ''),
	(339, 'Post', 'index', 'TP3演示模型', 1, '', 0, 338, 'moduleid=1', 0, ''),
	(341, 'Post', 'index', '内容模型', 1, '', 0, 340, 'moduleid=2', 0, ''),
	(344, 'Page', 'index', '页面管理', 1, '', 0, 245, '', 0, ''),
	(345, 'Page', 'index', '页面', 1, '', 0, 344, '', 0, ''),
	(346, 'Page', 'add', '添加页面', 1, '', 0, 344, '', 1, ''),
	(347, 'Page', 'template', '页面模板', 1, '', 0, 344, '', 0, ''),
	(348, 'Page', 'edit', '修改', 1, '', 0, 345, '', 1, ''),
	(349, 'Page', 'fields', '字段管理', 1, '', 0, 347, '', 0, ''),
	(350, 'Page', 'fieldadd', '添加字段', 1, '', 0, 347, '', 1, ''),
	(352, 'Post', 'index', '租房', 1, '', 0, 351, 'moduleid=7', 0, ''),
	(354, 'Post', 'index', '博客文章', 1, '', 0, 353, 'moduleid=8', 0, ''),
	(356, 'Post', 'index', '楼盘', 1, '', 0, 355, 'moduleid=9', 0, ''),
	(362, 'Post', 'index', '会员信息', 1, '', 0, 361, 'moduleid=10', 0, ''),
	(364, 'Post', 'index', '住宅', 1, '', 0, 363, 'moduleid=13', 0, ''),
	(366, 'Post', 'index', '住宅', 1, '', 0, 365, 'moduleid=17', 0, ''),
	(368, 'Post', 'index', '普通会员', 1, '', 0, 367, 'moduleid=18', 0, ''),
	(369, 'Member', 'index', '会员', 1, '', 6, 0, '', 0, ''),
	(371, 'Category', 'index', '装修类别', 1, '', 0, 372, 'post_type=housebase&taxonomy_name=decoration', 0, ''),
	(373, 'Post', 'index', '住宅', 1, '', 1, 372, 'moduleid=19', 0, ''),
	(375, 'Site', 'sysSetting', '系统设置', 1, '', 0, 114, '', 1, ''),
	(376, 'Site', 'oauthSetting', '第三方应用', 1, '', 0, 114, '', 0, ''),
	(377, 'Post', 'index', '新闻管理', 1, 'news', 0, 245, '', 0, ''),
	(378, 'Post', 'index', '新闻', 1, '', 0, 377, 'moduleid=21', 0, ''),
	(380, 'Post', 'index', '图片', 1, '', 0, 379, 'moduleid=22', 0, ''),
	(381, 'Post', 'index', '视频管理', 1, 'video', 0, 245, '', 0, ''),
	(382, 'Post', 'index', '视频', 1, '', 0, 381, 'moduleid=23', 0, ''),
	(386, 'Category', 'index', '栏目', 1, '', 0, 377, 'post_type=post&taxonomy_name=category', 0, ''),
	(387, 'Category', 'index', '栏目', 1, '', 0, 379, 'post_type=post&taxonomy_name=category', 0, ''),
	(388, 'Category', 'index', '栏目', 1, '', 0, 381, 'post_type=post&taxonomy_name=category', 0, ''),
	(390, 'Post', 'index', '住宅', 1, '', 0, 389, 'moduleid=24', 0, ''),
	(392, 'Post', 'index', '住宅', 1, '', 0, 391, 'moduleid=25', 0, ''),
	(394, 'Post', 'index', '住宅', 1, '', 0, 393, 'moduleid=26', 0, ''),
	(396, 'Community', 'index', '小区', 1, '', 0, 395, '', 0, ''),
	(398, 'Album', 'index', '相册', 1, '', 0, 396, '', 0, ''),
	(399, 'Album', 'photos', '照片', 1, '', 0, 398, '', 0, ''),
	(400, 'Community', 'add', '添加', 1, '', 0, 396, '', 1, ''),
	(401, 'Community', 'edit', '修改', 1, '', 0, 396, '', 1, ''),
	(402, 'Community', 'listorder', '排序', 1, '', 0, 396, '', 0, ''),
	(403, 'Community', 'delete', '删除', 1, '', 0, 396, '', 0, ''),
	(404, 'Map', 'markPosition', '地图标注', 1, '', 0, 325, '', 0, ''),
	(405, 'Post', 'getPosts', '相关文章设置', 1, '', 0, 325, '', 0, ''),
	(411, 'Post', 'index', '字段测试', 1, '', 0, 410, 'moduleid=29', 0, ''),
	(420, 'Post', 'index', 'aa', 1, '', 0, 419, 'moduleid=31', 0, ''),
	(428, 'Post', 'index', '鑫', 1, '', 0, 427, 'moduleid=32', 0, ''),
	(431, 'Post', 'index', '图集', 1, '', 0, 430, 'moduleid=33', 0, ''),
	(433, 'Post', 'index', 'fafa', 1, '', 0, 432, 'moduleid=34', 0, ''),
	(435, 'Post', 'index', 'aaa', 1, '', 0, 434, 'moduleid=36', 0, ''),
	(437, 'Post', 'index', '试用报名', 1, '', 0, 436, 'moduleid=37', 0, ''),
	(441, 'Post', 'index', '1', 1, '', 0, 440, 'moduleid=38', 0, ''),
	(443, 'Post', 'index', 'a', 1, '', 0, 442, 'moduleid=39', 0, ''),
	(445, 'Post', 'index', '255', 1, '', 0, 444, 'moduleid=40', 0, ''),
	(447, 'Post', 'index', '12', 1, '', 0, 446, 'moduleid=41', 0, ''),
	(451, 'Post', 'index', 'mm', 1, '', 0, 450, 'moduleid=42', 0, ''),
	(453, 'Post', 'index', '客户资料', 1, '', 0, 452, 'moduleid=43', 0, ''),
	(455, 'Post', 'index', 'asd', 1, '', 0, 454, 'moduleid=44', 0, ''),
	(457, 'Post', 'index', '宋姗姗', 1, '', 0, 456, 'moduleid=45', 0, ''),
	(459, 'Post', 'index', '111', 1, '', 0, 458, 'moduleid=46', 0, ''),
	(461, 'Post', 'index', 'test', 1, '', 0, 460, 'moduleid=47', 0, ''),
	(463, 'Post', 'index', '测试模型', 1, '', 0, 462, 'moduleid=48', 0, ''),
	(465, 'Post', 'index', '商品模板', 1, '', 0, 464, 'moduleid=49', 0, ''),
	(467, 'Post', 'index', '111', 1, '', 0, 466, 'moduleid=50', 0, ''),
	(470, 'Post', 'index', '测试', 1, '', 0, 469, 'moduleid=51', 0, ''),
	(471, 'Member', 'index', '会员管理', 1, '', 0, 369, '', 0, ''),
	(472, 'Member', 'index', '会员管理', 1, '', 0, 471, '', 0, ''),
	(473, 'Module', 'index', '模块', 1, '', 8, 0, '', 0, ''),
	(474, 'space', 'index', '广告管理', 1, '', 0, 473, '', 0, ''),
	(475, 'space', 'index', '广告管理', 1, '', 0, 474, '', 0, '');
/*!40000 ALTER TABLE `xy_node` ENABLE KEYS */;

-- 导出  表 hhailuocms.xy_options 结构
CREATE TABLE IF NOT EXISTS `xy_options` (
  `id` int(11) NOT NULL AUTO_INCREMENT,
  `key` char(50) NOT NULL DEFAULT '0',
  `value` text NOT NULL,
  `autoload` tinyint(1) unsigned NOT NULL DEFAULT '0',
  PRIMARY KEY (`id`)
) ENGINE=InnoDB AUTO_INCREMENT=17 DEFAULT CHARSET=utf8;

-- 正在导出表  hhailuocms.xy_options 的数据：~10 rows (大约)
/*!40000 ALTER TABLE `xy_options` DISABLE KEYS */;
INSERT INTO `xy_options` (`id`, `key`, `value`, `autoload`) VALUES
	(1, 'base_domain', 'hhailuocms.com', 0),
	(8, 'wb_app_key', '3599746075', 1),
	(9, 'wb_app_secret', '79dc19eaa1e15bdb730a9202528ac121', 1),
	(10, 'wb_app_callback', 'http://u.tp3.hhailuo.com/oauth/weibo.html', 1),
	(11, 'qq_app_id', '101304166', 1),
	(12, 'qq_app_key', '0ad3e4b6341d0b08b7ce8ab7387dc8e8', 1),
	(13, 'qq_app_callback', 'http://u.tp3.hhailuo.com/oauth/qq.html', 1),
	(14, 'App Key', '', 1),
	(15, 'App Secret', '', 1),
	(16, '回调地址', '', 1);
/*!40000 ALTER TABLE `xy_options` ENABLE KEYS */;

-- 导出  表 hhailuocms.xy_page 结构
CREATE TABLE IF NOT EXISTS `xy_page` (
  `id` int(10) unsigned NOT NULL AUTO_INCREMENT,
  `slug` char(50) NOT NULL,
  `siteid` smallint(6) NOT NULL,
  `title` varchar(255) NOT NULL,
  `content` text NOT NULL,
  `template` varchar(255) NOT NULL,
  `inputtime` timestamp NOT NULL DEFAULT '1970-01-01 08:00:01',
  `updatetime` timestamp NOT NULL DEFAULT '1970-01-01 08:00:01',
  PRIMARY KEY (`id`),
  KEY `slug` (`slug`)
) ENGINE=InnoDB AUTO_INCREMENT=17 DEFAULT CHARSET=utf8;

-- 正在导出表  hhailuocms.xy_page 的数据：~3 rows (大约)
/*!40000 ALTER TABLE `xy_page` DISABLE KEYS */;
INSERT INTO `xy_page` (`id`, `slug`, `siteid`, `title`, `content`, `template`, `inputtime`, `updatetime`) VALUES
	(1, 'tp-admin-v3', 1, 'TP-Admin V3', '<p>逍遥</p>\r\n', 'page-tp3', '2016-02-22 15:22:18', '2016-10-20 23:28:33'),
	(2, 'about-us', 1, '关于我们', '<p>欢迎来到我的&nbsp;portfolio: 在这你能看到的是一个从事在&nbsp;web programming&nbsp;&amp;&nbsp;系统架构的PHP Programer!</p>\r\n\r\n<p>E-mail: 476552238li@gmail.com</p>\r\n\r\n<h2>About</h2>\r\n\r\n<p>李志亮 . 来自湖南 . 24岁; 目前生活和工作在深圳的(Team Leader兼PHP基础架构)</p>\r\n\r\n<p>我热爱编程，并开始做一些实用的系统和工具来方便更多的像我一样的PHP Programmer.</p>\r\n\r\n<p>本科，计算机科学与技术专业，四年项目开发和面向对象编程经验，精通PHP项目开发和管理；有高并发大流量系统开发、项目管理、系统架构、SOA服务化编程经验。专业技能：</p>\r\n\r\n<ul>\r\n	<li>软件开发&amp;系统架构.</li>\r\n	<li>项目管理.</li>\r\n	<li>Web服务器架构&amp;管理.</li>\r\n</ul>\r\n\r\n<h2>Portfolio</h2>\r\n\r\n<p>I hope you like my work ;)</p>\r\n\r\n<p>我主要工作是&nbsp;<strong>PHP</strong>&nbsp;服务端开发和架构。 但是我同时也掌握了&nbsp;<strong>jQuery</strong>&nbsp;前后端开发, 以及JavaScript,&nbsp;<strong>SQL</strong>,&nbsp;<strong>Ruby On Rails</strong>,&nbsp;<strong>CSS</strong>&nbsp;and&nbsp;<strong>AJAX</strong>&nbsp;等语言和技术.</p>\r\n\r\n<h2>部分作品</h2>\r\n\r\n<p>开源项目 &nbsp;<a href="http://www.tp3.hhailuo.com">TP-Admin&nbsp;</a></p>\r\n\r\n<p>创新型项目&nbsp;<a href="http://developspec.com/">DevelopSpec</a>&nbsp;（开发文档编辑工具）(Backbone + Laravel构建的全Js站点)</p>\r\n\r\n<p>大型CMS系统&nbsp;<a href="http://city.china.com.cn/">中国城市网</a>&nbsp;</p>\r\n\r\n<p>创新型项目&nbsp;<a href="http://test.city-china.com.cn/home/member/home">谁火网</a>&nbsp;</p>\r\n\r\n<p>WP+Woocommerce 构建电商网站&nbsp;<a href="http://iqair.staging.eggplanthq.com/">Iqair</a>&nbsp; &nbsp;<a href="http://goldendoor.com/">GoldenDoor</a></p>\r\n\r\n<p>WP构建多站点航班系统 &nbsp;<a href="http://www.cairnsairport.com.au/">CairnsAirport</a></p>\r\n\r\n<p>WP构建大型企业业务和企业综合系统 &nbsp;<a href="http://www.foton.deepdev.us/">Foton</a></p>\r\n\r\n<p>Android 创新项目 &nbsp;<a href="http://zhushou.360.cn/detail/index/soft_id/1588905?recrefer=SE_D_%E6%96%87%E7%90%86%E6%B4%BE">文理派&nbsp;</a></p>\r\n\r\n<p>&hellip;&hellip;&hellip;&hellip;</p>\r\n', 'page-about', '2016-02-22 15:30:07', '2017-03-23 14:01:04'),
	(3, 'contact-us', 1, '联系我们', '<p>Estimates, questions, information?</p>\r\n\r\n<p>Don&#39;t hesitate to contact me.</p>\r\n\r\n<p>作者：逍遥&middot;李志亮;&nbsp;&nbsp;</p>\r\n\r\n<address>E-Mail ：&nbsp;<a href="mailto:476552238@qq.com">476552238@qq.com</a>&nbsp; &nbsp;&nbsp;<a href="https://github.com/xiaoyao-work">Github</a>&nbsp;&nbsp;</address>\r\n\r\n<address>&nbsp;</address>\r\n\r\n<h3>TP-Admin</h3>\r\n\r\n<address>反馈:&nbsp;<a href="https://github.com/xiaoyao-work/TP-Admin/issues" target="_blank">tp-admin issues</a>&nbsp;填报;&nbsp;&nbsp;</address>\r\n\r\n<p><code>QQ交流群：TP-Admin 群 号：495760597</code></p>\r\n', 'page', '2016-03-04 11:55:51', '2017-05-26 18:50:46');
/*!40000 ALTER TABLE `xy_page` ENABLE KEYS */;

-- 导出  表 hhailuocms.xy_pagemeta 结构
CREATE TABLE IF NOT EXISTS `xy_pagemeta` (
  `id` int(10) unsigned NOT NULL AUTO_INCREMENT,
  `page_id` int(11) NOT NULL,
  `meta_key` varchar(255) NOT NULL,
  `meta_value` text NOT NULL,
  PRIMARY KEY (`id`)
) ENGINE=InnoDB AUTO_INCREMENT=104 DEFAULT CHARSET=utf8;

-- 正在导出表  hhailuocms.xy_pagemeta 的数据：~103 rows (大约)
/*!40000 ALTER TABLE `xy_pagemeta` DISABLE KEYS */;
INSERT INTO `xy_pagemeta` (`id`, `page_id`, `meta_key`, `meta_value`) VALUES
	(1, 2, 'team', '红海螺'),
	(2, 2, 'creator', '李志亮'),
	(3, 2, 'team', '红海螺'),
	(4, 2, 'creator', '李志亮'),
	(5, 1, 'relation', '{"tp3":"","news":""}'),
	(6, 1, 'team', ''),
	(7, 1, 'creator', ''),
	(8, 1, 'relation', '{"tp3":"","news":""}'),
	(9, 3, 'email', ''),
	(10, 3, 'phone', ''),
	(11, 3, 'QQ', ''),
	(12, 1, 'relation', '{"tp3":"","news":""}'),
	(13, 1, 'team', ''),
	(14, 1, 'creator', ''),
	(15, 1, 'relation', '{"tp3":"","news":""}'),
	(16, 4, 'relation', '{"tp3":"","news":""}'),
	(17, 8, 'relation', '{"tp3":"","news":""}'),
	(18, 8, 'relation', '{"tp3":"","news":""}'),
	(19, 7, 'relation', '{"tp3":"","news":""}'),
	(20, 3, 'team', ''),
	(21, 3, 'creator', ''),
	(22, 3, 'relation', '{"tp3":"","news":""}'),
	(23, 15, 'relation', '{"tp3":"","news":""}'),
	(24, 16, 'relation', '{"tp3":"","news":""}'),
	(25, 20, 'relation', '{"tp3":"","news":""}'),
	(26, 22, 'relation', '{"tp3":"","news":""}'),
	(27, 3, 'team', ''),
	(28, 3, 'creator', ''),
	(29, 3, 'relation', '{"tp3":"","news":""}'),
	(30, 25, 'relation', '{"tp3":"","news":""}'),
	(31, 2, 'team', '红海螺'),
	(32, 2, 'creator', '李志亮'),
	(33, 2, 'relation', '{"tp3":"","news":""}'),
	(34, 30, 'team', ''),
	(35, 30, 'creator', ''),
	(36, 4, 'team', ''),
	(37, 4, 'creator', ''),
	(38, 2, 'team', '红海螺'),
	(39, 2, 'creator', '李志亮'),
	(40, 3, 'team', ''),
	(41, 3, 'creator', ''),
	(42, 3, 'team', ''),
	(43, 3, 'creator', ''),
	(44, 3, 'team', ''),
	(45, 3, 'creator', ''),
	(46, 3, 'relation', '{"news":"","picture":"","video":""}'),
	(47, 3, 'team', ''),
	(48, 3, 'creator', ''),
	(49, 3, 'relation', '{"news":"","picture":"","video":""}'),
	(50, 2, 'team', '红海螺'),
	(51, 2, 'creator', '李志亮'),
	(52, 2, 'relation', '{"news":"","picture":"","video":""}'),
	(53, 2, 'team', '红海螺'),
	(54, 2, 'creator', '李志亮'),
	(55, 2, 'relation', '{"news":"","picture":"","video":""}'),
	(56, 3, 'team', ''),
	(57, 3, 'creator', ''),
	(58, 3, 'relation', '{"news":"","picture":"","video":""}'),
	(59, 1, 'team', ''),
	(60, 1, 'creator', ''),
	(61, 1, 'relation', '{"news":"","picture":"","video":""}'),
	(62, 42, 'team', ''),
	(63, 42, 'creator', ''),
	(64, 42, 'relation', '{"news":"","picture":"","video":""}'),
	(65, 45, 'team', ''),
	(66, 45, 'creator', ''),
	(67, 45, 'relation', '{"news":"","picture":"","video":""}'),
	(68, 50, 'team', ''),
	(69, 50, 'creator', ''),
	(70, 50, 'relation', '{"news":"","picture":"","video":""}'),
	(71, 1, 'team', ''),
	(72, 1, 'creator', ''),
	(73, 1, 'relation', '{"news":"","picture":"","video":""}'),
	(74, 51, 'team', ''),
	(75, 51, 'creator', ''),
	(76, 51, 'relation', '{"news":"","picture":"","video":""}'),
	(77, 57, 'team', ''),
	(78, 57, 'creator', ''),
	(79, 57, 'relation', '{"news":"","picture":"","video":""}'),
	(80, 42, 'team', 'fasd'),
	(81, 42, 'creator', 'fsadfa'),
	(82, 42, 'relation', '{"news":"","picture":"","video":""}'),
	(83, 57, 'team', ''),
	(84, 57, 'creator', ''),
	(85, 57, 'relation', '{"news":"","picture":"","video":""}'),
	(86, 3, 'team', ''),
	(87, 3, 'creator', ''),
	(88, 3, 'relation', 'array (\n  \'news\' => \'2,166\',\n  \'picture\' => \'\',\n  \'video\' => \'\',\n)'),
	(89, 3, 'team', '红海螺'),
	(90, 3, 'creator', '逍遥'),
	(91, 3, 'relation', 'array (\n  \'news\' => \'2,166\',\n  \'picture\' => \'\',\n  \'video\' => \'\',\n)'),
	(92, 2, 'team', '红海螺'),
	(93, 2, 'creator', '李志亮'),
	(94, 2, 'relation', 'array (\n  \'news\' => \'166,167,165\',\n  \'picture\' => \'171\',\n  \'video\' => \'\',\n)'),
	(95, 9, 'team', ''),
	(96, 9, 'creator', ''),
	(97, 9, 'relation', 'array (\n  \'news\' => \'170,2,167,165,164,163,166,162,1,4\',\n  \'picture\' => \'\',\n  \'video\' => \'\',\n)'),
	(98, 9, 'team', ''),
	(99, 9, 'creator', ''),
	(100, 9, 'relation', 'array (\n  \'news\' => \'170,2,167,165,164,163,166,162,1,4\',\n  \'picture\' => \'171\',\n  \'video\' => \'\',\n)'),
	(101, 9, 'team', ''),
	(102, 9, 'creator', ''),
	(103, 9, 'relation', 'array (\n  \'news\' => \'170,2,167,165,164,163,166,162,1,4\',\n  \'picture\' => \'171\',\n  \'video\' => \'\',\n)');
/*!40000 ALTER TABLE `xy_pagemeta` ENABLE KEYS */;

-- 导出  表 hhailuocms.xy_page_field 结构
CREATE TABLE IF NOT EXISTS `xy_page_field` (
  `fieldid` mediumint(8) unsigned NOT NULL AUTO_INCREMENT,
  `template` varchar(255) NOT NULL,
  `siteid` smallint(5) unsigned NOT NULL DEFAULT '0',
  `field` varchar(20) NOT NULL DEFAULT '',
  `name` varchar(30) NOT NULL DEFAULT '',
  `tips` text,
  `css` varchar(30) NOT NULL DEFAULT '',
  `minlength` int(10) unsigned NOT NULL DEFAULT '0',
  `maxlength` int(10) unsigned NOT NULL DEFAULT '0',
  `pattern` varchar(255) NOT NULL DEFAULT '',
  `errortips` varchar(255) NOT NULL DEFAULT '',
  `formtype` varchar(20) NOT NULL DEFAULT '',
  `setting` mediumtext,
  `formattribute` varchar(255) NOT NULL DEFAULT '',
  `unsetgroupids` varchar(255) NOT NULL DEFAULT '',
  `unsetroleids` varchar(255) NOT NULL DEFAULT '',
  `iscore` tinyint(1) unsigned NOT NULL DEFAULT '0',
  `listorder` mediumint(8) unsigned NOT NULL DEFAULT '0',
  `disabled` tinyint(1) unsigned NOT NULL DEFAULT '0',
  PRIMARY KEY (`fieldid`),
  KEY `modelid` (`template`,`disabled`),
  KEY `field` (`field`,`template`)
) ENGINE=InnoDB AUTO_INCREMENT=8 DEFAULT CHARSET=utf8;

-- 正在导出表  hhailuocms.xy_page_field 的数据：~7 rows (大约)
/*!40000 ALTER TABLE `xy_page_field` DISABLE KEYS */;
INSERT INTO `xy_page_field` (`fieldid`, `template`, `siteid`, `field`, `name`, `tips`, `css`, `minlength`, `maxlength`, `pattern`, `errortips`, `formtype`, `setting`, `formattribute`, `unsetgroupids`, `unsetroleids`, `iscore`, `listorder`, `disabled`) VALUES
	(1, 'page-about', 1, 'team', '开发团队', '', '', 0, 0, '', '', 'text', 'array (\n  \'size\' => \'50\',\n  \'defaultvalue\' => \'\',\n  \'ispassword\' => \'0\',\n)', '', '', '', 0, 0, 0),
	(2, 'page-about', 1, 'creator', '创始人', '', '', 0, 0, '', '', 'text', 'array (\n  \'size\' => \'50\',\n  \'defaultvalue\' => \'\',\n  \'ispassword\' => \'0\',\n  \'ishidden\' => \'0\',\n)', '', '', '', 0, 0, 0),
	(3, 'page-about', 1, 'relation', '相关文章', '', '', 0, 0, '', '', 'relationship', 'array (\n  \'model\' => \n  array (\n    0 => \'21\',\n    1 => \'22\',\n    2 => \'23\',\n  ),\n)', '', '', '', 0, 0, 0),
	(4, 'page', 1, 'relation', '相关内容', '', '', 0, 0, '', '', 'relationship', 'array (\n  \'model\' => \n  array (\n    0 => \'1\',\n    1 => \'2\',\n  ),\n)', '', '', '', 0, 0, 0),
	(5, 'page-contact_us', 1, 'email', '邮箱', '', '', 0, 0, '', '', 'text', 'array (\n  \'size\' => \'50\',\n  \'defaultvalue\' => \'\',\n  \'ispassword\' => \'0\',\n)', '', '', '', 0, 0, 0),
	(6, 'page-contact_us', 1, 'phone', '电话', '', '', 0, 0, '', '', 'text', 'array (\n  \'size\' => \'50\',\n  \'defaultvalue\' => \'\',\n  \'ispassword\' => \'0\',\n)', '', '', '', 0, 0, 0),
	(7, 'page-contact_us', 1, 'QQ', 'QQ', '', '', 0, 0, '', '', 'number', 'array (\n  \'minnumber\' => \'1\',\n  \'maxnumber\' => \'\',\n  \'decimaldigits\' => \'0\',\n  \'defaultvalue\' => \'\',\n  \'rangetype\' => \'0\',\n)', '', '', '', 0, 0, 0);
/*!40000 ALTER TABLE `xy_page_field` ENABLE KEYS */;

-- 导出  表 hhailuocms.xy_post 结构
CREATE TABLE IF NOT EXISTS `xy_post` (
  `id` int(11) NOT NULL AUTO_INCREMENT,
  `siteid` smallint(5) NOT NULL,
  `title` varchar(255) NOT NULL,
  `post_type` varchar(255) NOT NULL,
  `listorder` smallint(5) unsigned NOT NULL DEFAULT '0',
  `status` tinyint(1) unsigned NOT NULL DEFAULT '0',
  `creator` char(20) NOT NULL DEFAULT '0',
  `inputtime` timestamp NOT NULL DEFAULT CURRENT_TIMESTAMP ON UPDATE CURRENT_TIMESTAMP,
  `updatetime` timestamp NOT NULL DEFAULT '1970-01-01 08:00:01',
  `thumb` varchar(255) NOT NULL DEFAULT '',
  `author` varchar(255) NOT NULL DEFAULT '',
  `keywords` varchar(255) NOT NULL DEFAULT '',
  `description` mediumtext NOT NULL,
  `content` mediumtext NOT NULL,
  `relation` mediumtext NOT NULL,
  `posid` tinyint(3) unsigned NOT NULL DEFAULT '0',
  PRIMARY KEY (`id`),
  KEY `listorder` (`listorder`)
) ENGINE=InnoDB AUTO_INCREMENT=172 DEFAULT CHARSET=utf8;

-- 正在导出表  hhailuocms.xy_post 的数据：~29 rows (大约)
/*!40000 ALTER TABLE `xy_post` DISABLE KEYS */;
INSERT INTO `xy_post` (`id`, `siteid`, `title`, `post_type`, `listorder`, `status`, `creator`, `inputtime`, `updatetime`, `thumb`, `author`, `keywords`, `description`, `content`, `relation`, `posid`) VALUES
	(5, 1, '飘香两岸的“饭前饭后”——一位台湾创客的美食故事', 'news', 0, 99, 'admin', '2016-03-21 13:25:00', '2016-03-21 13:25:00', '', '逍遥', '', '\r  位于昔日皇家粮仓的北京南新仓文化街上，有一家台湾名人菜馆&mdash;&mdash;饭', '                         \r	  位于昔日&ldquo;皇家粮仓&rdquo;的北京南新仓文化街上，有一家台湾名人菜馆&mdash;&mdash;&ldquo;饭前&middot;饭后&rdquo;。这家已有十年历史的餐厅，以浓郁的台湾文化格调和名人家常菜俘获了两岸不少食客的心。\r\r	\r\r	&ldquo;饭前&middot;饭后&rdquo;董事长张永忠来北京打拼已２０年。作为一名来自台湾的创业&ldquo;老兵&rdquo;，他对如今踌躇满志来大陆发展的新创客有这样的建议：&ldquo;创业的人一定要耐得住寂寞，一定要扛得住压力，一定要睡得着觉，一定要把身体养好，才有机会在创业的这条辛苦路上持续走下去。&rdquo;\r\r	\r\r	２００５年，张永忠带领一群具有数十年餐饮经验的两岸精英团队，在北京创立了第一家&ldquo;饭前&middot;饭后&rdquo;餐厅。如今，&ldquo;饭前&middot;饭后&rdquo;已成为京城著名的台湾美食品牌。在这家充满台湾元素的餐厅里，顾客可以吃到吴奇隆、赖声川等台湾名人的家常拿手菜。\r\r	\r\r	&ldquo;饭前&middot;饭后&rdquo;有一道家传菜&mdash;&mdash;&ldquo;杨妈妈肉臊&rdquo;。这道菜的背后，有一个感人的故事：这道菜的创始人是台湾第一位歌仔戏男小生杨怀民的母亲。杨怀民年轻时全家移民美国，他因喜欢演戏独自留在了台湾。他妈妈每半年都回来看看这个小儿子，做饭给他吃，每次临回美国前都会做一大锅肉臊分成二、三十份储存起来，方便儿子拌饭吃。后来妈妈年纪大了，不能回来给他做肉臊了，但仍十分关心儿子，经常打电话问他肉臊还有没有？杨怀民总说&ldquo;妈妈别担心，还有的&rdquo;。原来他把最后一包肉臊冻起来没吃，因为他知道吃完这包就真的再也没有了。\r\r	\r\r	如今，这道充满浓浓亲情味的&ldquo;杨妈妈肉臊&rdquo;已被&ldquo;饭前&middot;饭后&rdquo;传承下来，并传递给每一位在外的游子。跟&ldquo;杨妈妈肉臊&rdquo;一样，餐厅里的&ldquo;吴奇隆沙拉&rdquo;&ldquo;安哥的胡椒鸡&rdquo;&ldquo;徐峥陶红的雍和玛瑙虾&rdquo;&ldquo;赖导声川素豆腐&rdquo;&ldquo;关家鲜烧黄鱼&rdquo;&hellip;&hellip;一道道好吃的菜肴背后都是一个个动人的故事。\r\r	\r\r	&ldquo;望得见宝岛，看得到美食，更记得住乡愁&rdquo;，这是张永忠创业的初衷。他说：&ldquo;万贯家财，不如学做一道家常菜。用心烹制的菜品，传承的是家的味道，维系的是父母子女的亲情。&rdquo;\r\r	\r\r	如今，&ldquo;饭前&middot;饭后&rdquo;在北京已由当初的一家店面发展到五家，张永忠还打造了对公众开放的两岸名人菜教学厨房，与美食爱好者分享舌尖上的那缕乡愁。\r\r	\r\r	但是，张永忠认为自己还是在创业中：&ldquo;品牌的定位、设计，所有的东西我们还在做调整，因为市场的变化实在是太快了。&rdquo;\r\r	\r\r	&ldquo;今天想得到要做得到，做得到要做得好，做得好还要坚持。&rdquo;这是张永忠的创业&ldquo;秘籍&rdquo;，也是他对青年创业者的希望。\r								                        ', '', 0),
	(6, 1, '中国餐饮界两百名流聚厨乡、拜厨祖、话传承', 'news', 0, 99, 'admin', '2016-03-21 12:16:00', '2016-03-21 12:16:00', '', '逍遥', '', '\r　　连日来，200余名中国餐饮界大咖齐聚中国厨师之乡河南长垣同台论道', '                         \r	连日来，200余名中国餐饮界大咖齐聚&ldquo;中国厨师之乡&rdquo;河南长垣同台论道，敬拜中华厨祖伊尹，共话传承与发展。\r\r	\r\r	20日，一场庄严隆重的&ldquo;厨祖伊尹敬拜仪式&rdquo;在中国烹饪文化博物馆举行。各位中国餐饮名流身披黄巾、右手抚心，向中华厨祖伊尹行礼敬拜宣誓。\r\r	\r\r	伊尹，曾辅佐商汤建立商朝，是中国历史上第一个以负鼎俎调五味而佐天子治国的杰出庖人。他创立的&ldquo;五味调和说&rdquo;与&ldquo;火候论&rdquo;，至今仍是中国烹饪之规。如今在香港、台湾、新加坡等地，同行仍奉伊尹为中国&ldquo;厨圣&rdquo;&ldquo;烹调之圣&rdquo;。\r\r	\r\r	&ldquo;敬拜伊尹旨在弘扬中国菜，传承厨文化，颂扬工匠精神。&rdquo;中国烹饪协会副会长、阿五黄河大鲤鱼品牌创始人樊胜武说。\r\r	\r\r	一天前，由中国烹饪协会主办的&ldquo;厨乡餐饮高峰论坛&rdquo;和&ldquo;厨乡盛宴&rdquo;在此间上演。\r\r	\r\r	谈及烹饪文化的传承问题，中国烹饪大师王海威表示，厨师应该守住道、守住根、守住魂，传承祖宗留下的财富，不断的修炼内功，在用实力说话的同时，也要坚守民族荣誉感。\r\r	\r\r	在&ldquo;厨乡盛宴&rdquo;上，由来自中国三大厨师之乡即河南长垣、陕西蓝田、广东顺德的名厨们烹饪的厨乡名菜受到好评。河南餐饮与饭店行业协会常务副会长张仁平在一一品尝后表示，面对餐饮新常态，应顺势而为，不忘初心。\r\r	\r\r	陕西蓝田的厨师代表表示，作为历史底蕴深厚的中国三大厨师之乡，我们有责任更有义务，将美食文化发扬光大。\r\r	\r\r	中国烹饪协会副会长冯恩援在论坛上直言，中国餐饮行业与其他行业相比，整体势态良好。随着国家对第三产业的重视与扶持，未来三年中国餐饮营收有望达到四万亿人民币。\r\r	\r\r	冯恩援表示，要想在互联网时代屹立不倒，除了积极拥抱互联网，也要恪守&ldquo;工匠精神&rdquo;。他将&ldquo;工匠精神&rdquo;解读为&ldquo;敬畏、卓越、坚守、传承&rdquo;。\r\r	\r\r	河南省餐饮与饭店行业协会秘书长张海林表示，中国餐饮文化博大精深，不要盲目奉行&ldquo;拿来主义&rdquo;。\r\r	\r\r	武汉商学院教授陈光新认为，餐饮业从古至今都不是暴利行业，未来依旧是朝阳产业，也不会被机器所取代。\r								                        ', '', 0),
	(7, 1, '“吃货节”伍德吃托克空降大郑州', 'news', 0, 99, 'admin', '2016-03-20 15:17:00', '2016-03-20 15:17:00', 'http://www.cncity.cn/uploadfile/2016/0323/20160323094437564.jpg', '逍遥', '', '\r\r\r\r\r\r\r\r\r\r\r\r\r\r\r\r\r　　吃货们的福利来了！吃货节伍德吃托克空降大郑州，吃货们在家门口就', '                         \r	<img alt="" src="http://www.cncity.cn/uploadfile/2016/0323/20160323094437564.jpg" style="width: 550px; height: 367px;" />\r\r	\r\r	<img alt="" src="http://www.cncity.cn/uploadfile/2016/0323/20160323094438704.jpg" style="width: 550px; height: 372px;" />\r\r	\r\r	<img alt="" src="http://www.cncity.cn/uploadfile/2016/0323/20160323094441749.jpg" style="width: 550px; height: 367px;" />\r\r	\r\r	<img alt="" src="http://www.cncity.cn/uploadfile/2016/0323/20160323094442438.jpg" style="width: 550px; height: 361px;" />\r\r	\r\r	&ldquo;吃货们&rdquo;的福利来了！&ldquo;吃货节&rdquo;伍德吃托克空降大郑州，&ldquo;吃货们&rdquo;在&ldquo;家门口&rdquo;就可以享受到一场美食和音乐的盛宴。现场有本地小吃、外国美食还有创意商品，追求时尚的年轻人跟着音乐的节奏享受着美食给他们带了的欢乐。\r\r	\r\r	&ldquo;在这样的天气，坐在草地上，听着现场的音乐吃着美食感觉好极了，希望郑州能多组织这样的活动。&rdquo;带着女朋友的王先生跟记者说。\r\r	\r\r	据了解，&ldquo;伍德吃托克&rdquo;最早起源于世界最著名的摇滚音乐节Woodstock Rock Festival，创立 &ldquo;伍德吃托克&rdquo;是来自于人们对音乐盛宴的向往，为一群代表城市审美和品质的人们搭建平台，探索多元和优质的新城市生活。\r								                        ', '', 0),
	(8, 1, '成都郫县举行川菜文化旅游节和豆瓣博览会', 'news', 0, 99, 'admin', '2016-03-20 14:06:00', '2016-03-20 14:06:00', 'http://www.cncity.cn/uploadfile/2016/0323/20160323094434747.jpg', '逍遥', '', '\r\r\r\r\r19日，成都郫县召开新闻发布会对外通报将举办2016川菜文化旅游节暨第四', '                         \r	<img alt="" src="http://www.cncity.cn/uploadfile/2016/0323/20160323094434747.jpg" style="width: 540px; height: 405px;" />\r\r	\r\r	19日，成都郫县召开新闻发布会对外通报将举办2016川菜文化旅游节暨第四届郫县豆瓣博览会。\r\r	\r\r	<img alt="" src="http://www.cncity.cn/uploadfile/2016/0323/20160323094435509.jpg" style="width: 540px; height: 405px;" />\r\r	\r\r	位于郫县安德的中国川菜文化体验馆外的川菜坝坝宴雕塑。\r\r	\r\r	  19日，成都郫县召开新闻发布会对外通报郫县借第94届全国春季糖酒会召开之机，将举办2016川菜文化旅游节暨第四届郫县豆瓣博览会。\r\r	\r\r	本次活动从3月19日开始持续至5月10日。活动以&ldquo;展示豆瓣文化、体验川菜味乡&rdquo;为主题，着力搭建经贸洽谈平台、产品推介营销平台、文化展示交流平台和产业融合平台。\r\r	\r\r	常言道&ldquo;吃在中国，味在四川、魂系郫县&rdquo;，就在郫县这方天府之国核心区域的神奇水土上，经勤劳智慧的川人之手，孕育出国家地理标志性产品&ldquo;川菜之魂&mdash;郫县豆瓣&rdquo;。\r\r	\r\r	郫县豆瓣历经三百余年发展，工艺不断提升改善，形成&ldquo;翻、晒、露&rdquo;的整套独特工艺，成品具有油亮滋润、酱香浓郁、辣而不燥、瓣子酥脆、回味醇厚、粘稠适度之特征；广泛用于炒、烧、煮类菜肴之中，更是烹制回锅肉、水煮牛肉等一系列家常麻辣等味型菜肴不可缺少的调料，使川菜方能随心所欲的施展&ldquo;一菜一格、百菜百味、以味见长&rdquo;的特长，成就了现代川菜繁荣与美名。\r\r	\r\r	目前，郫县建有全国唯一的以地方菜为主导的中国川菜产业园区。据悉，郫县在&ldquo;十三五&rdquo;规划中提出：到2020年，实现全县食品饮料全产业链产业产值1000亿元的奋斗目标。将通过招大引强、推动企业上市、创新新产品开发模式、运用大数据平台创新营销模式、打造川菜全产业链等多种手段推动这一目标的实现。\r\r	\r\r	博览会期间，郫县将举行豆瓣宴制作大赛，连续十天举办千人坝坝宴，由乡厨团队分组设宴，以郫县豆瓣为主要调味品，以豆瓣菜肴为主要菜品，让游客感受独特的&ldquo;郫县味道&rdquo;和&ldquo;坝坝宴&rdquo;这一独特的餐饮文化。\r\r	\r\r	当天，带着全家人来郫县安德的中国&middot;川菜文化体验馆旅游参观的成都市民罗贤华女士告诉记者，郫县豆瓣是家里饭桌上必备的调味品，这里展览内容丰富全面，年长的一些人还能够认识和记得许多农村田间里生产出来的东西，现在的年轻人基本上都不会认识，所以搞个川菜集中参观和体验也是值得大家来看的。\r\r	\r\r	记者还了解到，糖酒会还未开始，已有全国各地的经销商两千余家来到郫县，开展品牌推广、新产品推介、经贸洽谈及签约等系列活动。\r\r	\r\r	据郫县商务局局长骆开富透露，郫县还将依托海外华侨、华商协会活动等开展郫县豆瓣海外宣传活动，践行&ldquo;有华人的地方就有川菜，有川菜的地方就有郫县豆瓣&rdquo;的理念，让郫县豆瓣和川菜扬名海外。\r\r	\r\r	成都郫县是中国农家乐旅游发源地、世界十大乡村旅游胜地、中国蜀绣之乡和国际都市农业示范区。\r								                        ', '', 0),
	(9, 1, '湖北推广马铃薯主食 土豆热干面端上餐桌', 'news', 0, 99, 'admin', '2016-03-19 12:41:00', '2016-03-19 12:41:00', 'http://www.cncity.cn/uploadfile/2016/0323/20160323094425754.jpg', '逍遥', '', '\r\r\r\r\r马铃薯小猪宝、紫薯卷、蘑菇包等马铃薯主食亮相。\r\r\r\r\r\r\r\r马铃薯热干面。\r\r\r\r\r\r\r\r紫马铃', '                         \r	<img alt="" src="http://www.cncity.cn/uploadfile/2016/0323/20160323094425754.jpg" style="width: 550px; height: 413px;" />\r\r	\r\r	马铃薯小猪宝、紫薯卷、蘑菇包等马铃薯主食亮相。\r\r	\r\r	<img alt="" src="http://www.cncity.cn/uploadfile/2016/0323/20160323094427440.jpg" style="width: 550px; height: 413px;" />\r\r	\r\r	马铃薯热干面。\r\r	\r\r	<img alt="" src="http://www.cncity.cn/uploadfile/2016/0323/20160323094430786.jpg" style="width: 550px; height: 430px;" />\r\r	\r\r	紫马铃薯粉制作的紫土豆泥引来市民品尝。\r\r	\r\r	<img alt="" src="http://www.cncity.cn/uploadfile/2016/0323/20160323094431966.jpg" style="width: 550px; height: 413px;" />\r\r	\r\r	咖喱土豆包。\r\r	\r\r	土豆热干面、土豆包子、土豆大米&hellip;&hellip;18日，湖北省农业厅在武汉举办了马铃薯主食产品推介暨体验活动，吸引了不少市民前来品尝购买。截至目前，湖北共生产和销售马铃薯主食产品2528吨，在马铃薯热干面、馒头、挂面、复配米等主食产品研制和产业化生产方面已实现重大突破。\r\r	\r\r	据悉，自去年7月，农业部将湖北列为全国马铃薯主食产品开发第一批试点省份，大半年时间以来，湖北按照&ldquo;大食物、大粮食&rdquo;的理念，推动供给侧结构性改革，开发出了多元化的马铃薯主食产品，积极倡导马铃薯主食消费氛围，初步培养消费者想吃爱吃马铃薯及主食产品的习惯。\r\r	\r\r	目前，湖北结合本地实际，以打造具有大武汉特色的马铃薯热干面为重点，实行农科教结合，组织马铃薯主食加工企业、高校和科研院所开展联合攻关，重点加强马铃薯主食产品配方及加工工艺研究，目前已成功研制了马铃薯粉配比为25%的马铃薯热干面，25%的马铃薯挂面，30%的马铃薯馒头、花卷、包子、糕点和50%的马铃薯复配米等马铃薯主食产品的配方及工艺。\r\r	\r\r	湖北省农业厅厅长戴贵洲介绍，实施马铃薯主食化试点，是贯彻推进农产品供给侧结构性改革的重大实践，不仅有助于解决马铃薯产业发展瓶颈问题，还为其它大宗作物产业链、价值链开发提供了借鉴。\r								                        ', '', 0),
	(10, 1, '国内首份《外卖党吃喝报告》发布： 麻辣类外卖最受欢迎', 'news', 0, 99, 'admin', '2016-03-16 14:31:00', '2016-03-16 14:31:00', 'http://www.cncity.cn/uploadfile/2016/0323/20160323094423800.jpg', '逍遥', '', '\r\r\r\r\r数据出处：2015年度饿了么平台点单数据\r\r\r\r　　2016年3月15日，是第34个国', '                         \r	<img alt="" src="http://www.cncity.cn/uploadfile/2016/0323/20160323094423800.jpg" style="width: 500px; height: 601px;" />\r\r	\r\r	数据出处：2015年度饿了么平台点单数据\r\r	\r\r	2016年3月15日，是第34个国际消费者权益日。国内首份《外卖党吃喝报告》于15日在广州正式发布。据报告显示，2015年度广东白云学院以1423864份外卖在全国高校遥遥领先，作为年轻人最爱的&ldquo;重口味&rdquo;美食，2015年麻辣类外卖总计销售9745万份，占到外卖总量的五分之一。\r\r	\r\r	&ldquo;学生党&rdquo;最爱：均价20元以下外卖\r\r	\r\r	据了解，为了更深入了解目标消费群的餐饮需求，哈尔滨啤酒与&ldquo;饿了么&rdquo;到家服务平台针对年轻人的饮食习惯进行了深度调研，并联合发布了国内首份《外卖党吃喝报告》。\r\r	\r\r	在调查报告中显示，对于学生党们来说，均价20元以下的外卖最受欢迎。在全国高校点外卖的调查中，2015年度广东省白云学院以1423864份外卖，遥遥领先于上海立信会计学院的1062321份和中国人民大学的1028361份成为了熬夜&ldquo;重灾区&rdquo;。\r\r	\r\r	而作为年轻人最爱的&ldquo;重口味&rdquo;美食，2015年麻辣类外卖总计销售9745万份，占到外卖总量的五分之一。其中，酸辣土豆丝、麻婆豆腐、香辣鸡翅为热销爆款。而麻辣类外卖订单最多的城市竟是上海，达到15677041份。下午茶正成为年轻人的新宠，累积售出11926687份，下午3点是外卖下午茶的高峰时段，其中蛋糕拼咖啡是标配，和风果子拼抹茶是高配，最装搭配还属超硬手工薯片拼啤酒。\r\r	\r\r	&ldquo;单身狗&rdquo;外卖最爱：广州爱吃素食\r\r	\r\r	情人节还在点外卖？是的！报告显示，在情人节独自点单的用户统计中，北京爱吃甜食的治愈系&ldquo;单身狗&rdquo;最多，上海爱吃品牌馆的有范儿&ldquo;单身狗&rdquo;最多，广州爱吃素食的禁欲系&ldquo;单身狗&rdquo;最多。\r\r	\r\r	当别人晚上6点准确下班时，&ldquo;加班狗&rdquo;正准备8点再开一次会。报告对北上广深四地的调研统计，总计155万&ldquo;加班狗&rdquo;于晚上10点至凌晨4点在办公地址点过外卖。其中上海的白领平均一年加班点外卖85万份，最为拼命三郎。\r\r	\r\r	&ldquo;啤酒+美食&rdquo;：创造O2O营销创新模式\r\r	\r\r	外卖党崛起，吃喝无小事！年轻人的&ldquo;吃喝三观&rdquo;越来越个性化。对于大多数外卖党而言，继&ldquo;是否能吃饱&rdquo;和&ldquo;口感好不好&rdquo;之后，&ldquo;吃好喝好&rdquo;成为了年轻人的外卖新标配。\r\r	\r\r	当天，百威英博与饿了么宣布达成战略联盟，双方将通过&ldquo;啤酒产业&times;互联网&rdquo;订餐的跨界合作进行终端资源互补，共同为消费者提供更丰富、便捷的吃喝体验，创造O2O营销创新模式，实现啤酒行业与互联网的合作共赢。\r\r	\r\r	据了解，哈尔滨啤酒始于1900年，作为百威英博啤酒集团的全国性品牌，是中国最早的啤酒，行销全国及英美等海外市场。百威英博啤酒集团亚太区总裁邓明潇先生表示，希望运用互联网思维，创造更贴近年轻人需求的销售平台，让他们获得更好、更便捷的美食与啤酒体验。\r								                        ', '', 0),
	(11, 1, '宁夏十大金牌旅游小吃名单正式出炉', 'news', 0, 99, 'admin', '2016-03-16 13:25:00', '2016-03-16 13:25:00', 'http://www.cncity.cn/uploadfile/2016/0323/20160323094422697.jpg', '逍遥', '', '\r\r\r\r\r　　3月15日，宁夏首届金牌旅游小吃暨中国金牌旅游小吃宁夏区评选活动', '                         \r	<img alt="" src="http://www.cncity.cn/uploadfile/2016/0323/20160323094422697.jpg" style="width: 550px; height: 366px;" />\r\r	\r\r	3月15日，&ldquo;宁夏首届金牌旅游小吃暨中国金牌旅游小吃宁夏区评选活动&rdquo;落下帷幕，&ldquo;十大金牌旅游小吃&rdquo;正式出炉。\r\r	\r\r	此次活动开展以来，收到来自全区5个地级市共48家企业48项特色小吃的踊跃报名，后经由美食专家、媒体代表等组成的评审委员会，依照&ldquo;中国金牌旅游小吃&rdquo;评选标准和程序进行评选。\r\r	\r\r	据了解，宁夏将引导和加强地方旅游小吃、特色旅游购物店、旅游特色街区、旅游商品等评选、发展、创建工作，打造旅游特色品牌，对&ldquo;十大金牌旅游小吃&rdquo;等主题活动进行宣传推广。\r\r	\r\r	十大金牌旅游小吃名单\r\r	\r\r	德隆楼涮羊肉\r\r	\r\r	杜优素羊杂碎\r\r	\r\r	老毛手抓羊肉\r\r	\r\r	长久一品羊肉老搓面\r\r	\r\r	黄渠桥忠民羊羔肉\r\r	\r\r	大武口区三住宅凉皮\r\r	\r\r	福苑饭庄燕面糅糅\r\r	\r\r	吴忠市国强手抓羊肉\r\r	\r\r	马文清羊羔头\r\r	\r\r	中卫红宝宾馆蒿籽面\r\r	\r\r	万宝楼一品私房菜餐厅羊肉调和\r\r	\r\r	（注：中卫蒿籽面与羊肉调和得分相同，并列第十）\r								                        ', '', 0),
	(12, 1, '烧鹿尾为何退出“国菜”？时代变化连累一道菜', 'news', 0, 99, 'admin', '2016-03-15 13:00:00', '2016-03-15 13:00:00', '', '逍遥', '', '\r　　烧鹿尾（音同以）是清代名菜，列在满汉全席中，其主料是鹿的尾巴，', '                         \r	烧鹿尾（音同以）是清代名菜，列在&ldquo;满汉全席&rdquo;中，其主料是鹿的尾巴，用满族传统做法烹饪而成，因皮烂肉香，汁红色亮，味道醇厚，被赞为&ldquo;味中奇&rdquo;。清代美食家袁枚在《随园食单》中说：&ldquo;鹿尾。尹文端公品味，以鹿尾为第一。然南方人不能常得。从北京来者，又苦不新鲜。余尝得极大者，用菜叶包而蒸之，味果不同。其最佳处，在尾上一道浆耳。&rdquo;\r\r	\r\r	鹿尾不仅味道美，还是药材，有补益身体的功效，药典上称它&ldquo;暖腰膝，益肾精，治腰脊疼痛不能屈伸，肾虚遗精及头昏耳鸣&rdquo;。\r\r	\r\r	鹿尾制作非常复杂，先讲由尾椎骨处割下，挂起阴干；或将割下的带毛鹿尾，入水中浸润，取出，除去根部残肉、油脂，剪去毛茸及外面老皮，再用海浮石（即石花，主要成分为碳酸钙，并含少量的镁，铁及酸不溶物质，多采自海中，故称为海浮石）搓光，用线穿挂通风处阴干，后置干燥处，宜多翻晒。带毛称毛鹿尾；不带毛称为不带毛鹿尾。干燥的鹿尾形状粗短，略呈圆柱形，质坚硬，气微腥，一般以马鹿尾为好，梅花鹿尾瘦小，甚少采用。\r\r	\r\r	烧鹿尾原料难得，成品味道佳，且能补益身体，因而成清代&ldquo;国宴&rdquo;中必不可少的因素，但在烧鹿尾受宠的背后，还有一个原因，即它源自关外，是&ldquo;满席&rdquo;的代表，虽然满汉全席名义上兼收并蓄、不存偏见，但背后有用&ldquo;满席&rdquo;压&ldquo;汉席&rdquo;的倾向，在烧鹿尾走红的时代，出自&ldquo;汉席&rdquo;的燕窝、鱼翅明显受排挤。\r\r	\r\r	燕窝是雨燕科动物金丝燕及多种同属燕类用唾液和绒羽等凝结所筑的巢窝，因其中杂质、污物太多，需专业人员精心挑选，且原料难得，主产自菲律宾西至缅甸沿海附荒岛的山洞里，人工采收极为困难，古人认为燕窝营养丰富，可以强身健体，故明代燕窝成为宫廷宴席之尊。\r\r	\r\r	鱼翅是鲨鱼鳍中的细丝状软骨，是用鲨鱼的鳍加工而成的一种海产珍品，本身并无滋味，也无特别营养，倒是有铅超标之虞，但材料难得，因此被列入宫廷宴席中，仅仅是为了表示奢华而已。由于鲨鱼是保护动物，采收鱼翅危及鲨鱼物种的生存，在今天，吃鱼翅已被认为是不文明、不环保的做法，但在元代、明代，鱼翅被认为是最尊贵的食品。\r\r	\r\r	从乾隆膳食档案记录册看，不仅没有燕窝，连出自汉席的鱼翅、海参亦很少见，周边国家进贡的鱼翅、海参等，往往只做皇家赐礼，转手赠给近臣，直到慈禧时，燕窝才受到重视，但鱼翅仍被压制，只能列入小炒中。\r\r	\r\r	清朝灭亡后，满汉全席受到排挤，一度改称大汉全席，其中满菜又被剔除，据郭文纳先生文章介绍，1913年10月10日，意大利参赞代办丹尼尔&middot;华雷和《泰晤士报》驻京记者乔治&middot;莫理循应邀参加了袁世凯就任中华民国临时大总统的仪式，并记下了宴会菜品清单：\r\r	\r\r	燕窝，煮鱼，鱼肉菜品，炖鸭，虾肉菜品，蔬菜，炖鸡，水果罐头，菠萝炒肉丝，新鲜水果，鸡蛋糕，咖啡。\r\r	\r\r	从这份清单看，燕窝卷土重来，而烧鹿尾却被清理门户，&ldquo;吃燕窝而不吃烧鹿尾&rdquo;，清晰地传达出鼎故革新之意。时代变化，竟至于连累一道菜，也属无可奈何。\r								                        ', '', 0),
	(13, 1, '沈阳美食节现“满汉全席”穿越版吃法', 'news', 0, 99, 'admin', '2016-03-13 16:27:00', '2016-03-13 16:27:00', 'http://www.cncity.cn/uploadfile/2016/0323/20160323094410824.jpg', '逍遥', '', '\r\r\r\r\r  3月12日，首届满汉全席美食文化节在沈阳开幕。宫女、太监穿越到现', '                         \r	<img alt="" src="http://www.cncity.cn/uploadfile/2016/0323/20160323094410824.jpg" style="width: 550px; height: 366px;" />\r\r	\r\r	  3月12日，首届&ldquo;满汉全席&rdquo;美食文化节在沈阳开幕。&ldquo;宫女&rdquo;、&ldquo;太监&rdquo;穿越到现场，服侍民众品尝具有满族特色的108道菜。图为&ldquo;皇室成员&rdquo;一行进入&ldquo;满汉全席&rdquo;现场。\r\r	\r\r	<img alt="" src="http://www.cncity.cn/uploadfile/2016/0323/20160323094413705.jpg" style="width: 550px; height: 366px;" />\r\r	\r\r	穿越的&ldquo;宫女&rdquo;在上菜。\r\r	\r\r	<img alt="" src="http://www.cncity.cn/uploadfile/2016/0323/20160323094415704.jpg" style="width: 550px; height: 366px;" />\r\r	\r\r	108道满族特色菜品被摆放整齐。\r\r	\r\r	<img alt="" src="http://www.cncity.cn/uploadfile/2016/0323/20160323094418288.jpg" style="width: 550px; height: 366px;" />\r\r	\r\r	就餐的民众不用自己动手，只等着穿越的&ldquo;宫女&rdquo;、&ldquo;太监&rdquo;盛菜伺候。\r								                        ', '', 0),
	(14, 1, '习总书记之问：青海的拉面 兰州的牛大 区别在哪', 'news', 0, 99, 'admin', '2016-03-11 17:11:00', '2016-03-11 17:11:00', 'http://www.cncity.cn/uploadfile/2016/0323/20160323094409374.jpg', '逍遥', '', '\r\r\r\r\r  昨天我们看电视，看到总书记问青海拉面和兰州拉面的区别，我很激动', '                         \r	<img alt="" src="http://www.cncity.cn/uploadfile/2016/0323/20160323094409374.jpg" style="width: 353px; height: 220px;" />\r\r	\r\r	  &ldquo;昨天我们看电视，看到总书记问青海拉面和兰州拉面的区别，我很激动啊。&rdquo;在北京开拉面馆的青海小伙马华对未来网记者说，&ldquo;区别就是，青海拉面是青海味，兰州拉面是兰州味。&rdquo;马华笑着说。\r\r	\r\r	3月10日，习近平总书记在参加两会青海团审议时询问了青海拉面的由来、与兰州拉面的区别、经营拉面人员的情况等。听说现在青海有2.8万家拉面店，有18万人在全国各地从事拉面经营，不少人都由此成为了企业家，习总书记对此表示肯定。\r\r	\r\r	&ldquo;青拉&rdquo;与&ldquo;兰拉&rdquo;\r\r	\r\r	青海拉面和拉州拉面的争议一直都存在，就在2015年7月，著名的&ldquo;青拉&rdquo;和&ldquo;兰拉&rdquo;的江湖派系之争一度轰动全国。其时，兰州拉面连锁店东方宫位于深圳的一家门店，因为与青海化隆人开的兰州拉面馆距离过近，遭到&rdquo;青拉&ldquo;的抵制。最终东方宫向对面两家青海拉面馆分别获得75万元、40万元的赔偿。 而这样的事在西安、苏州、天津、北京都发生过。\r\r	\r\r	在兰州，拉面其实不叫拉面，而是叫牛肉面、牛大。为什么走出兰州就变成了&ldquo;兰州拉面&rdquo;，而且口味变得五花八门了？\r\r	\r\r	兰州&ldquo;牛大&rdquo;\r\r	\r\r	那么，兰州牛大啥样呢？兰州舌尖尖拉面馆的一位拉面师傅说，&ldquo;一碗正宗的牛肉面，讲究&lsquo;一清二白三红四绿五黄&rsquo;&rdquo;。\r\r	\r\r	据了解，这位师傅说的，&ldquo;一清&rdquo;指的是汤清，是指牛肉面的配汤一般用牦牛骨，牛尾什么熬制的清汤。 &ldquo;二白&rdquo;是指白萝卜片，是指兰州牛肉面里的萝卜片，被切的薄厚适中，浸在面汤里。既有面汤的味道又有萝卜的清新。 &ldquo;三红&rdquo;是辣椒的红色，是牛肉面里的配料。&ldquo;四绿&rdquo;是指香菜和青蒜苗的绿色。&ldquo;五黄&rdquo;指的是，面条黄亮。\r\r	\r\r	这位师傅介绍，兰州人一般常吃的有9种，从细到粗，有毛细、细、二细、三细、韭叶、薄宽、大宽，还有二柱子和荞麦棱。\r\r	\r\r	&ldquo;青海、甘肃两地相邻，两地都活跃着大量穆斯林民族，其生活习惯、饮食习惯都很相似。就像青海拉面和兰州拉面，其实差别并不大。&rdquo;兰州牛肉面协会的一工作人员说。\r\r	\r\r	记者走进北京十里河地铁站附近的一家拉面馆发现，虽然招牌为&ldquo;正宗兰州拉面&rdquo;，但店内工作人员告诉记者他们都是青海人。\r\r	\r\r	该店工作人员介绍，他们也很讲究拉面的&ldquo;一清二白三红四绿&rdquo;四要素，&ldquo;没那几样，就不叫牛肉面了&rdquo;。但该工作人员也告诉记者，他们全家人都开拉面店，他在北京开，哥哥在福建开，各地的水质各有不同，饮食爱好也有区别，他们会根据当地的生活习惯对拉面的制作进行相应的调整，&ldquo;所以，拉面五花八门不奇怪啊&rdquo;。\r\r	\r\r	青海拉面的致富之路\r\r	\r\r	据不完全统计，在2012年之前，遍布全国各地的&ldquo;兰州拉面&rdquo;馆大都是青海省化隆县人开的。从1980年代开始，青海省化隆回族自治县人就开始把拉面馆生意推向全国。起初叫青海拉面，后来因为兰州拉面名气更大，青海拉面就&ldquo;兰州牛肉拉面&rdquo;的招牌。\r\r	\r\r	起初，化隆人拖家带口出外开店只为谋生，后来生意越做越大，&ldquo;兰州牛肉拉面&rdquo;的招牌渐渐铺满了全国各地的大街小巷。\r\r	\r\r	有媒体调查发现，化隆在外做拉面的有7万多人，拉面馆1.3万家，以家庭作坊形式为主，他们多分布在一线城市群：长三角、珠三角、京津冀。\r\r	\r\r	值得提出的是，青海化隆人的成功离不开当地政府的支持。2000年，时任县长的马吉孝(现任青海省交通运输厅厅长)，牵头给外出做生意的人们做了一张&ldquo;通关文牒&rdquo;。他在劳务输出证上写了一篇&ldquo;县长致辞&rdquo;，恳请本县劳务人员所到之处的有关部门，对他们异地创业尽可能地提供帮助。接着教育、林业、土地等9个部门都盖了公章，证明持证人员身份合法，请当地接纳、照顾。\r\r	\r\r	化隆回族自治县是国家级的贫困县，据不完全统计，全县20万人口，1/3在外做拉面。2014年拉面大军从全国各地&ldquo;拉&rdquo;回5.7亿元，是县公共财政预算收入的5倍多。\r\r	\r\r	兰州拉面的品牌思维\r\r	\r\r	看到&ldquo;邻居&rdquo;发了财，兰州人也开始纷纷效仿，政府也开始重视，到全国各地做拉面生意的人也越来越多，以国有控股的金鼎牛肉拉面为例，2000年左右也拿到了时任市长的批示和财政补贴，到了北京。但因为定价和经营管理的问题，没多久亏了本就回来了。\r\r	\r\r	2012年，兰州东方宫以加盟连锁形式打出去，一下子在一线城市火了起来，但常常在经营上在一些地方和青海拉面从业者有不同程度的&ldquo;冲突&rdquo;。\r\r	\r\r	对此，时任兰州市市委副书记、市长袁占亭曾公开表示，兰州人有一个开放的心态。就像大家都用过微软，微软操作系统开始的时候是随便都可以拷贝的，后来就不能用了，&ldquo;我们兰州牛肉面也是这么个路子，开始谁都能开，但现在兰州牛肉面有自己的品牌，由国家工商总局授予的地理标志，所以现在就可以打假。 &rdquo;\r\r	\r\r	与青海政府&ldquo;出钱&rdquo;为主的扶持不同，兰州政府做的是&ldquo;正名&rdquo;，而打品牌的方法是申请商标。他们注册的是一个碗形图案，配有&ldquo;兰州牛肉拉面&rdquo;字样的商标。\r\r	\r\r	据了解，这个商标申请的过程非常坎坷，前后历经3年。这枚商标的争议在于&ldquo;兰州&rdquo;二字。按商标法规定，县级以上行政区划不能作为商标名。因此，沙县小吃可以注册，但兰州牛肉拉面理论上来说不行。\r\r	\r\r	经过反复沟通协商，&ldquo;兰州牛肉拉面&rdquo;的商标一度获得了法律许可，但是国家商标网上显示，2010年4月商标申请成功，9月收到争议申请或补充材料，同时进入&ldquo;无效宣告中&rdquo;，持续五年至今。\r								                        ', '', 0),
	(15, 1, '青海传统青稞酿酒技法“春暖花开”', 'news', 0, 99, 'admin', '2016-03-11 16:28:00', '2016-03-11 16:28:00', '', '逍遥', '', '\r　　农历二月初二，乍暖还寒，昨夜的一场春雪，将青海省湟中县拦隆口镇', '                         \r	农历二月初二，乍暖还寒，昨夜的一场春雪，将青海省湟中县拦隆口镇包裹成银色世界。清晨，镇上的慕家酒庄里，浓烈的酒曲味发出刺鼻的&ldquo;诱惑&rdquo;，伴随着一串急促的锣鼓点，一场传统的祭酒神仪式拉开序幕。\r\r	\r\r	祭酒神，先由四位法师焚香念经祭山神，完毕后准备蒸新酒、龙饮水、出新酒，迎请酒神后，按照火炬手、骑兵、龙、酒圣轿、新酒坛、道士的队列，自老酒坊出发，沿着村子巷道&ldquo;酒神赐福&rdquo;。\r\r	\r\r	据青海当地文化学者朱世奎介绍，在青海高原，采用大锅蒸煮、自然发酵、炉火蒸馏等酩馏技艺酿造的青稞酒，过去称之为酩馏酒，据说有四百多年历史，度数一般为二三十度。\r\r	\r\r	朱世奎介绍，酩馏酒的原料，&ldquo;是产自海拔两三千米、日照时间长的青稞，其中以黑青稞为上品，现在酩馏酿酒过程，完全遵从传统的酿造方法，是名符其实的绿色食品。&rdquo;\r\r	\r\r	慕家酒庄第四代非物质文化遗产传承人慕兰，忙着操持祭酒神仪式。她说，慕家祖上是为躲避战祸迁徙至此的东北慕容鲜卑的后裔，辗转甘肃到达今青海境内，最终改姓为慕氏。慕容酒庄所在的金仓岭，几乎家家酿酒，但唯有慕家的酩馏酒醇香甘冽，因为慕家有一口据传说与王母娘娘相关的&ldquo;神泉&rdquo;，加之酿酒时投入数十种中草药，才使慕家酩馏酒历经百年，仍然酒香四溢。\r\r	\r\r	慕兰现在是慕家酒庄的女掌门，她说，在现在社会，举办传统的祭酒神仪式，&ldquo;意在挖掘、展示酩馏青稞酒酿造技艺这项非物质文化遗产，壮大传统青稞酒产业，使之福荫乡里。&rdquo;\r\r	\r\r	在青海，传统酩馏青稞酒酿造技艺，一度出现&ldquo;酿酒器具已难寻觅，&lsquo;酒大工&rsquo;步入暮年&rdquo;的颓废景象。但近些年，青海各个酒厂纷纷开始挖掘以&ldquo;酩馏&rdquo;为招牌的青稞酒，传统酩馏青稞酒酿造技艺大有&ldquo;春暖花开&rdquo;之势。\r\r	\r\r	&ldquo;深入挖掘古老的青稞酒酿造技艺和文化，这对于青稞酒的发展再好不过。&rdquo;青海省酒类行业协会会长陈文博说，现在青海兴起原始酿酒作坊，是因为人们认识到，&ldquo;酒没有文化支撑，就不是酒。&rdquo;\r\r	\r\r	&ldquo;传统文化固然需要挖掘和继承，同时，更需要更新，要迎合时代潮流。&rdquo;朱世奎说，比如传统文化的科学化管理和现代运营技巧就很重要，这样，传统文化才能萌发生机，而不至于无人问津。\r								                        ', '', 0),
	(16, 1, '海南风情美食园精品菜肴品鉴会在博鳌举行', 'news', 0, 99, 'admin', '2016-03-11 14:19:00', '2016-03-11 14:19:00', 'http://www.cncity.cn/uploadfile/2016/0323/20160323094359219.jpg', '逍遥', '', '\r\r\r\r\r大众评委现场品尝和点评\r\r\r\r\r\r\r\r精品菜肴品鉴会现场\r\r\r\r\r\r\r\r秘制拾月乌金肉\r\r\r\r\r\r\r\r为博鳌年会准', '                         \r	<img alt="" src="http://www.cncity.cn/uploadfile/2016/0323/20160323094359219.jpg" style="width: 550px; height: 367px;" />\r\r	\r\r	大众评委现场品尝和点评\r\r	\r\r	<img alt="" src="http://www.cncity.cn/uploadfile/2016/0323/20160323094400239.jpg" style="width: 550px; height: 367px;" />\r\r	\r\r	精品菜肴品鉴会现场\r\r	\r\r	<img alt="" src="http://www.cncity.cn/uploadfile/2016/0323/20160323094402217.jpg" style="width: 550px; height: 367px;" />\r\r	\r\r	秘制拾月乌金肉\r\r	\r\r	<img alt="" src="http://www.cncity.cn/uploadfile/2016/0323/20160323094403573.jpg" style="width: 550px; height: 367px;" />\r\r	\r\r	为博鳌年会准备的丰盛菜肴\r\r	\r\r	<img alt="" src="http://www.cncity.cn/uploadfile/2016/0323/20160323094405891.jpg" style="width: 550px; height: 367px;" />\r\r	\r\r	盐焗潭牛文昌鸡\r\r	\r\r	<img alt="" src="http://www.cncity.cn/uploadfile/2016/0323/20160323094406774.jpg" style="width: 400px; height: 552px;" />\r\r	\r\r	一道道甜品等待品鉴\r\r	\r\r	博鳌亚洲论坛年会即将在海南博鳌盛大召开，为了能够给来自全球的参会嘉宾呈现一场美食盛宴，3月10日，海南美食佳--海南风情美食园&ldquo;罗牛山杯&rdquo;精品菜肴品鉴会在博鳌亚洲论坛大酒店举行，这也是博鳌亚洲论坛2016年年会主题活动&ldquo;海南风情美食园&rdquo;的前期活动之一。\r\r	\r\r	据介绍，此次品鉴会，是博鳌亚洲论坛2016年年会&ldquo;海南风情美食园&rdquo;活动的一场预演，以确保让世界各国嘉宾充分品尝和吃的满意的同时，全面展示海南丰富而独特的热带美食文化和资源，向世界展示海南的活力与愿景，为论坛的顺利举办增添海南新动力。\r\r	\r\r	品鉴会上，海南风情美食园组委会把在全省范围内深度挖掘、选拔出的本地名材、名菜、名厨、名店聚集一堂，通过海南本地优秀厨师精心烹制，共推出35道海南本地精品菜肴。包括海南特色小吃主题餐、水果主题餐、特色食材主题餐，生态肉类主题餐等。品盛会除了邀请中国烹饪协会名厨委副主席、海南烹饪协会名厨委员会主席李学深、中国饭店协会名厨委执委王国骅、国宴菜大师姜德强、琼菜十大名师曾令汉、淮阳菜大师韩春华等5名重量级烹饪大师，还召集了12名天涯网友担任评委，从专业及民间的角度对这35道菜进行了点评、品鉴，并提出了宝贵意见。\r\r	\r\r	据了解，博鳌亚洲论坛2016年年会海南省主题活动&ldquo;海南风情美食园&rdquo;的指定餐饮服务企业分别是海南拾味馆餐饮连锁管理有限公司、海口新世界实业有限公司(即原味主张)、海南罗牛山食品集团有限公司中央厨房分公司、儋州市粽子行业协会。本次品鉴会的点评菜单由罗牛山、高贵食品、原味主张、儋州粽协、拾味馆、玖久食品这6家单位出品。作为博鳌亚洲论坛2016年年会海南省主题活动之一，&ldquo;海南风情美食园&rdquo;将在年会期间推出不同主题餐会、特色产品展示等，届时将供应100多种食材，30多种热带水果，同时提供20多种小吃，再次向世界展现海南特色美食与热带特色农业。罗牛山集团代表唐山荣表示，作为年会重要环节，年会的餐饮服务也是各项服务工作中的重点。为保证食品安全，罗牛山公司对年会供应食材实行了四道严格的监测，第一道是生产基地检测，第二道为企业自检，第三道是引进德国先进检验技术的罗牛山莱茵检测，最后是省食药监和琼海食药监再进行最后检测。\r\r	\r\r	据悉，本次品鉴会由罗牛山集团有限公司主办，海南中远博鳌有限公司承办，中国饭店协会名厨专业委员会海南区、三亚市烹饪餐饮行业协会、天涯社区网络科技股份有限公司协办。海南省外事侨务办公室、海南省商务厅、海南省农业厅、海南省食品药品监督管理局等相关领导出席了品鉴会。\r								                        ', '', 0),
	(17, 1, '二月二龙抬头：北京市民凌晨排队剃头 老字号备足龙食', 'news', 0, 99, 'admin', '2016-03-10 16:46:00', '2016-03-10 16:46:00', 'http://www.cncity.cn/uploadfile/2016/0323/20160323094358145.jpg', '逍遥', '', '\r\r\r\r\r今天是二月二龙抬头，不少市民特意赶到老字号全聚德吃龙食&mdash;&mdash;奶油龙须', '                         \r	<img alt="" src="http://www.cncity.cn/uploadfile/2016/0323/20160323094358145.jpg" style="width: 400px; height: 266px;" />\r\r	\r\r	今天是二月二龙抬头，不少市民特意赶到老字号全聚德吃&ldquo;龙食&rdquo;&mdash;&mdash;奶油龙须饼\r\r	\r\r	  今天是农历二月二，&ldquo;二月二龙抬头，吃龙食祈丰年&rdquo;。中国人过年，自腊月初八就正式开始，直到来年二月初二才算真正结束。所以二月初二对老百姓而言，是非常重要的节日。记者上午走访发现，不少市民一大早便前去美发店理发，而京城老字号餐厅也为市民准备了丰富的&ldquo;龙食&rdquo;。\r\r	\r\r	按照老北京的传统，在二月二这天&ldquo;理发去旧&rdquo;，会带来一年的好运。今天一大早，记者从位于王府井的四联美发了解到，该店原定早7点开门，谁知凌晨4点半就有客人在等候。\r\r	\r\r	凌晨5点，四联美发提前开门迎客，来自大兴的郭先生如愿成为第一个&ldquo;剃龙头&rdquo;的人。\r\r	\r\r	截至早上7时，该店内已有8位市民在等候。据店内工作人员介绍，为了迎接今天&ldquo;剃龙头&rdquo;的高峰，男女宾部已经提前备好了耗材，&ldquo;预计今天剃头人数将达到500人。&rdquo;\r\r	\r\r	看点老字号备足&ldquo;龙食&rdquo; 部分品类有创新\r\r	\r\r	过二月二讲究&ldquo;沾龙气、吃龙食&rdquo;。在&ldquo;龙食&rdquo;中，&ldquo;龙头&rdquo;是指猪肉，&ldquo;龙鳞&rdquo;是指春饼，&ldquo;龙须&rdquo;是指细面条，&ldquo;龙胆&rdquo;则是指炸糕。记者上午在位于前门大街的全聚德看到，这里正举办&ldquo;抻龙须&rdquo;表演。不过这些&ldquo;龙须&rdquo;可不是为了做汤面，而是将面条盘成团，做一种失传已久的糕点&mdash;&mdash;龙须饼。\r\r	\r\r	厨师将面粉和成面团、拉成一条，反复将面条折合15次，最终一个面团能形成32768根面丝，而这些面丝细到可以轻松地穿过缝衣针的针眼，&ldquo;这些细丝需要油炸来定型，盘成一团，龙须饼就做好了。&rdquo;一名厨师说。\r\r	\r\r	除了全聚德，曲园酒楼、惠丰饺子楼、砂锅居、峨嵋酒家等也推出了&ldquo;龙头&rdquo;、&ldquo;龙耳&rdquo;、&ldquo;龙鳞&rdquo;等多种龙食。以护国寺小吃为例，其50多家连锁店，在今年二月二前后将供应各种口味的&ldquo;龙胆&rdquo;（炸糕）共计5万枚，其中不乏紫薯、香芋等新口味。\r								                        ', '', 0),
	(18, 1, '老北京吃面习俗：二伏面、送亲面、洗三面、生日面', 'news', 0, 99, 'admin', '2016-03-10 16:22:00', '2016-03-10 16:22:00', '', '逍遥', '', '\r　　如今的街肆上，老北京炸酱面代表着一个很独特的地域符号；小碗干炸', '                         \r	如今的街肆上，&ldquo;老北京炸酱面&rdquo;代表着一个很独特的地域符号；&ldquo;小碗干炸&rdquo;&mdash;&mdash;寓意着炸酱面的另一种叫法。但凡讲究些，大门口必定立着一位人偶&ldquo;大爷&rdquo;。这位爷：左手提笼驾鸟，右手作&ldquo;您嘞，里边儿请&rdquo;的手势。您甭往里愣瞅，一瞅就算&ldquo;着惹&rdquo;上啦！站旁边儿的那位&ldquo;店小二&rdquo;殷懃儿得很，一声吆喝&ldquo;来了两位，里边请，您嘞&rdquo;！声儿一传到店堂，群起而应之。您要是不进去，您都不好意思。\r\r	\r\r	酱，是一箸子面的魂儿\r\r	\r\r	我对炸酱面的喜好就四个字儿：&ldquo;情有独钟&rdquo;。信不信？我一天胡噜三顿没够。且不论正宗与否，有点儿炸酱就成，有手擀的面就解馋，有几瓣蒜就香。那会儿人小，两大碗下肚儿，老家儿怎么支使都行。姥姥常打趣儿，&ldquo;上辈子欠他的，亏嘴&rdquo;！如今了，几十年习惯，没改哪儿去。不怕家没人，家有干挂面，咱自个儿的嚼谷也就有着落。\r\r	\r\r	碰着出门儿找饭辙，遇着什么&ldquo;京味炸酱面&rdquo;大碗、海碗的招牌，还是走不动道儿。若是一个人在外，遇不上京味儿面，也能将就一碗带酱的捞面&ldquo;胡噜&rdquo;喽！\r\r	\r\r	小时候吃炸酱面，那酱是姥姥专做的。\r\r	\r\r	挑黄豆、煮黄豆、磨黄豆；做坯、晾晒、翻倒；搁盐、扎捆、发酵；打杷、放水、过筛、入缸、封存。一年到头，就这几道连贯的工序，姥姥没少花工夫惦记。续上一句，我还见着过：家里有个剩馒头剩窝头添在酱里面，也不受大影响，不碍的！有人絮叨了：那黄酱缸里尽是发黄霉、长白毛、憋活蛆的地儿。我又说了，姥姥勤快，自有化腐朽为神奇的诀窍，自家的黄酱怎么吃都有滋有味。\r\r	\r\r	那时候想见天儿吃肉荤，可没那景儿。凑合有&ldquo;素酱&rdquo;拌的手擀面，也香着呢！隔三差五地磕两鸡子或是搁上点儿碎虾皮，全家人照样&ldquo;囫囵吞枣&rdquo;&mdash;&mdash;一锅面一点儿不剩。一家人没病没灾、硬硬朗朗儿的，听着&ldquo;忒喽忒喽&rdquo;的声响，那都是身子骨儿没毛病的交响曲儿！姥姥围着围裙、挓着沾着驳面的手，笑眯眯地瞅着、听着，这叫一个乐和！\r\r	\r\r	为啥？酱好，面也好！自家造的酱，老人的精气神在里头、姥姥的手艺在里头、姥姥对后辈儿的爱在里头！\r\r	\r\r	五彩八碟的面码儿，显着&ldquo;京范儿&rdquo;\r\r	\r\r	一碗正宗的炸酱面上席，几小碟子的面码儿一并被&ldquo;店小二&rdquo;托举上来。只见是手疾眼快，叫您眼瞅着，所有的花花绿绿撂进了大面碗里。数了数一准儿有：白菜丝、绿豆芽、心里美丝、芹菜末、黄瓜丝、熟青豆、煮黄豆、青蒜末&mdash;&mdash;整整八小碟。不管无冬历夏，缺一样也不行啊！\r\r	\r\r	您要问了，早些年都是按节气种菜，还能有这&ldquo;京范儿&rdquo;的讲究呀？\r\r	\r\r	要说那时炸酱面的面码儿，是应季节走的。寒冬腊月，白菜就是当家&ldquo;花旦&rdquo;。要是能奢侈点儿的，心里美、白萝卜、卞萝卜、胡萝卜，小丝儿切得细细的，只当是&ldquo;锦上添花&rdquo;。打春了放豆芽；再往后搁上香椿尖、鲜韭菜；再不济啦，到北土城或是三环外的菜地里薅点儿灰灰菜、马齿菜也挺美。\r\r	\r\r	夏暑季节，那是&ldquo;饕餮&rdquo;吃菜任性的日子。讲究也好、将就也好，碰什么搁什么。除了八大样以外，莴笋丝、莴笋叶、油菜叶、小水萝卜、嫩萝卜樱&hellip;&hellip;随性且随意，配啥都满意。\r\r	\r\r	原先，炸酱面很少上大的厅面儿，面码搭配也很单纯。街上的小饭馆里有供应炸酱面的，面码儿单一。冬季：白菜丝、萝卜丝；春季：香椿叶、青韭叶、小白菜；夏季秋季也就敞开了，一箸子手擀面过水儿，加上任选的蔬菜，再加上&ldquo;面魂&rdquo;一小碗，怎么吃都觉得很香很美很惬意。\r\r	\r\r	拿面码儿显着炸酱面特有的京范儿，那是市面上把&ldquo;炸酱面&rdquo;做大了的时候。说了归齐，兴旺了、发达啦，才有显范儿的基础与理由。当然，吃得讲究也就有了不可将就的支出了。&ldquo;将就&rdquo;&mdash;&mdash;不饿肚子就好；&ldquo;讲究&rdquo;&mdash;&mdash;吃面条也要撑出大风度！\r\r	\r\r	习俗的面里，也有些渊源\r\r	\r\r	小时候，我爱听故事。姥爷学问深，讲起面条的来历津津有味、条条是道。\r\r	\r\r	&ldquo;面饼&rdquo;、&ldquo;煮饼&rdquo;、&ldquo;汤饼&rdquo;&mdash;&mdash;那都是&ldquo;面条&rdquo;名称的老前辈。大约四千多年前，传说中老祖宗们就好这口儿，这可是有出土文物早已论证过的。自打尧舜帝立了江山，赶上哪个朝代，轮上哪个帝王，都把&ldquo;煮饼&rdquo;奉为吃食的上品。\r\r	\r\r	早先的讲究就是现在讲的将就。和好面团，醒好喽，再把面团&ldquo;抻吧抻吧&rdquo;开水下锅。沾点咸味就入嘴儿，要不叫&ldquo;饼&rdquo;呢？皇帝比百姓奢侈，搁些丝、段、丁、末的&ldquo;饼码&rdquo;儿，也就算最顶级的御膳了。\r\r	\r\r	说不好是啥时候论的&mdash;&mdash;煮饼成了煮面。下里巴人喜欢，阳春白雪也离不开。刨根儿问底，中间儿的差别也就在于用什么当作料。穷苦人家为填饱肚子，能糊弄挡口就得；官宦人家就能吃出&ldquo;花花肠子&rdquo;出来。碰着文人骚客，没准儿就来段&ldquo;诗朗诵&rdquo;，估摸是吃撑着啦！\r\r	\r\r	&ldquo;咱北京的炸酱面时间并不长&rdquo;，姥爷告诉我。\r\r	\r\r	草原上的元朝皇爷，都是吃牛羊肉长大，还不懂自觉享用&ldquo;汤面&rdquo;。换了明朝的朱家天下，吃食变了些。面食习俗，连带着把南边儿的汤面顺了过来，顺带脚儿也搞个面条的&ldquo;百花齐放&rdquo;。于是，炸酱面从民间&ldquo;煮到&rdquo;了紫禁城，再从紫禁城&ldquo;秘制&rdquo;到民间，成了气候、成了北京的面食&ldquo;招牌&rdquo;。\r\r	\r\r	传说，慈禧老佛爷嘴忒尖。在宫里，竟是这不吃那不吃地挑刺儿。一逃难至民间，窝窝头赛过海鲜，&ldquo;杂酱面&rdquo;也就解了嘴馋。杂酱面不是炸酱面，那也能凑合了。回头进了皇宫，御厨们变着法儿把&ldquo;杂酱&rdquo;面条琢磨到了极致。极致的讲究，也就把炸酱面&ldquo;进化&rdquo;成了今儿个这样子。\r\r	\r\r	吃面的约定俗成\r\r	\r\r	吃面的习惯，是各种想点儿辙就吃面条的理由。有随季节变更的、有随人生大事的、有随桌面喜兴的。久而久之，遂成了流行久远的世俗规矩。\r\r	\r\r	京城里&ldquo;初二面&rdquo;、&ldquo;二伏面&rdquo;、&ldquo;送亲面&rdquo;、&ldquo;福寿面&rdquo;、&ldquo;大婚面&rdquo;，这都是习而惯之叫响的噱头。您再一细想，长在此地儿不吃面又能吃些什么？面条的形状就是细细长长，人为地寓意：顺利、长命、长久、长安、长寿。\r\r	\r\r	俗间有俗语：&ldquo;人生有三面&rdquo;，面面俱到、面面有讲头、面面有讲究。婴儿降生后三日有洗三仪式，吃洗三面祈愿婴儿&ldquo;长命百岁&rdquo;；过生日，凑热闹人人一大碗&ldquo;长寿面&rdquo;，谓之&ldquo;挑寿&rdquo;，寓意&ldquo;福寿绵长&rdquo;，都沾了&ldquo;寿星老&rdquo;的喜气儿。碰着结婚大喜：吃面&mdash;&mdash;白头到老。赶着儿女大考：吃面&mdash;&mdash;顺顺当当。\r\r	\r\r	拽回来，还得说说我那会儿遇见的&ldquo;小碗干炸&rdquo;。一次，老舅高考完后到外省就学。有了这一事由，咱算见识到了什么是正宗？说句煽情的话，一小碗&ldquo;干炸&rdquo;，一大片爱子真情呗！\r\r	\r\r	这回是姥姥操刀掌灶炸酱，姥爷和面、醒面用手抻。姥姥亲自到肉铺买了一条子鲜五花：肥瘦相宜（肥四瘦六）；红白相间；五花三层；细皮嫩肉，一看就是头&ldquo;未成年&rdquo;的。回头是洗净上案，切骰子块，块块如一。一小碗姥姥酵制的黄酱，备齐。葱末、姜末，切好喽。\r\r	\r\r	您就想象怎么这么香吧？铁锅上灶、烧热，盛出半勺凝固的大油，看着锅小冒青烟，倒油下锅。小许，随着肉下锅，一个劲儿地煸炒，断生。部分姜末葱末随之混合而下：肉与姜葱的香气氤氲开来。黄酱下锅，慢慢搅和，慢慢咕嘟。临出锅再加上余下的姜葱末。瞧吧、想吧、闻吧：一个气泡就是一个香囊袋；一粒葱姜末就是一粒祝福语；一块肉丁就是一个相思豆&hellip;&hellip;飘飘渺渺满满地溢出了馋人的诱惑。\r\r	\r\r	姥爷和好面，遛好条，就等着下锅。&ldquo;咔、咔&rdquo;，传来姥姥起锅盛碗的声响；那边一大锅静静的水已经沸腾。只见姥爷三抻两拽，瞬间的工夫一绺子面下锅。长筷子&ldquo;扒拉扒拉&rdquo;，盖上了锅盖儿。少顷，沸腾后加水；又少顷，沸腾后再加水；开锅，一箸子抄下去，面全部捞进了大蓝边海碗。\r\r	\r\r	&ldquo;小子，过来吃吧！&rdquo;老舅放下手中的书本应着声儿坐上了炕桌。我看了，除了大半碗面条就是那一&ldquo;小碗干炸&rdquo;。四边映衬着八小蝶&ldquo;黄绿白红青&rdquo;的丝块丁段豆的各种形态的菜蔬。\r\r	\r\r	老舅瞟一眼，看得出我所露出的&ldquo;贪婪&rdquo;吃相儿，执意拨了我一小碗。抬头瞅了瞅姥姥的眼神，于是我体味了最难忘最美味的一次&ldquo;小碗干炸&rdquo;。\r\r	\r\r	话又说回来：可着绕京城进百家店，&ldquo;小碗干炸&rdquo;的炸酱面一家一个做法，一家一个味道。不信？您就去品品。厨行说啦，一个师傅一个教法，一个人一个做法，此一时与彼一时都不一样。何况这碗炸酱面是正经北京人独特而传统的吃法儿，满大街各地的生意人能体味其中的韵味吗？言重了，玩笑。谁也甭介意！\r\r	\r\r	这正是春季的惊蛰时节。三五好友相约踏青，撸点儿&ldquo;野青&rdquo;当面码儿也无妨。您若是懒得在家开伙，瞅准喽哪家儿酱炸得地道，面擀得筋道，您就甭再挪地儿！您一个眼神儿不动窝，&ldquo;店小二&rdquo;一准儿心领神会。\r								                        ', '', 0),
	(19, 1, '二月二“龙抬头” 北京老字号“龙胆”热销', 'news', 0, 99, 'admin', '2016-03-09 16:14:00', '2016-03-09 16:14:00', '', '逍遥', '', '\r　　10日就是二月二龙抬头的正日子，按照老北京的习俗，明天得沾点龙气', '                         \r	10日就是二月二&ldquo;龙抬头&rdquo;的正日子，按照老北京的习俗，明天得沾点&ldquo;龙气儿&rdquo;，各家老字号纷纷备下&ldquo;龙胆&rdquo;油炸糕、&ldquo;龙鳞&rdquo;春饼、&ldquo;龙须&rdquo;面条等传统吃食，让市民大饱口福。\r\r	\r\r	每年二月二，家住西城区的张阿姨都要给孩子们买下些&ldquo;龙胆&rdquo;油炸糕，就想图个吉利。昨天下午收拾完家务，张阿姨立马来到护国寺小吃起源店排队，当时来买&ldquo;龙胆&rdquo;的队伍已经排到了四五十人，有好多都是专门开车过来的。张阿姨告诉记者，一到正日子，店里就排大队，有时候还限购，去年就差点买不上，所以今年特意提前一些来买。店员告诉张阿姨，今年的&ldquo;龙胆&rdquo;一共有7种口味，除了往年常见的黑芝麻、豆沙、巧克力味，还新推出了紫薯、香芋等口味的&ldquo;龙胆&rdquo;，一枚4元钱。\r\r	\r\r	这&ldquo;龙胆&rdquo;真有这么抢手？记者特意咨询了护国寺小吃负责人，对方表示，&ldquo;龙胆&rdquo;是由黍米面、糯米面等原料经过&ldquo;烫面&rdquo;后再烹制，讲究火候和技巧，制作起来比较费事。今年的&ldquo;龙胆&rdquo;是从3月7日开始供应的，全市50多家连锁店总供应量在5万枚左右，预计二月二当天的市场销量在2.5万枚。明天如果排队的人太多，店家就可能采取每人限购10枚的方式保证供应，让更多顾客过好&ldquo;龙抬头&rdquo;。\r\r	\r\r	按照老北京的讲究，二月二&ldquo;沾龙气儿&rdquo;，都是为了让玉皇大帝放过龙王，保证人间风调雨顺。除了&ldquo;龙胆&rdquo;，这&ldquo;龙鳞&rdquo;春饼、&ldquo;龙须&rdquo;面条、&ldquo;龙头&rdquo;猪脸等食品也格外受市民欢迎。\r\r	\r\r	今年二月二，曲园酒楼专门推出了金花扒猪脸的&ldquo;龙头&rdquo;菜；惠丰饺子楼在40多种口味的&ldquo;龙耳&rdquo;水饺之外，还特别添上了烙饼卷肘子的&ldquo;龙鳞套餐&rdquo;；砂锅居准备了酱黑猪头肉和&ldquo;盘龙须&rdquo;盘丝饼；同春园则为二月二备下了1000多条卷龙鳞春卷；另外，同和居等店还有多种版本的&ldquo;龙须&rdquo;面供食客选择。\r								                        ', '', 0),
	(20, 1, '“二月二”青海农村炒大豆：人不害病地丰收', 'news', 0, 99, 'admin', '2016-03-08 16:02:00', '2016-03-08 16:02:00', 'http://www.cncity.cn/uploadfile/2016/0323/20160323094352295.jpg', '逍遥', '', '\r\r\r\r\r图为青海农村用盐炒大豆。\r\r\r\r\r\r\r\r图为炒制好的大豆，用筛子筛干净。\r\r\r\r\r\r\r\r二月二青海', '                         \r	<img alt="" src="http://www.cncity.cn/uploadfile/2016/0323/20160323094352295.jpg" style="width: 540px; height: 405px;" />\r\r	\r\r	图为青海农村用盐炒大豆。\r\r	\r\r	<img alt="" src="http://www.cncity.cn/uploadfile/2016/0323/20160323094353442.jpg" style="width: 540px; height: 405px;" />\r\r	\r\r	图为炒制好的大豆，用筛子筛干净。\r\r	\r\r	<img alt="" src="http://www.cncity.cn/uploadfile/2016/0323/20160323094354703.jpg" />\r\r	\r\r	&ldquo;二月二&rdquo;青海民众分享大豆。\r\r	\r\r	<img alt="" src="http://www.cncity.cn/uploadfile/2016/0323/20160323094355374.jpg" style="width: 540px; height: 405px;" />\r\r	\r\r	农历二月初二之前，青海农村有炒大豆的习惯，当地流传着&ldquo;二月二，炒豆豆，人不害病地丰收&rdquo;的说法。\r\r	\r\r	  &ldquo;二月二，炒豆豆，人不害病地丰收。&rdquo;临近农历二月初二，青海农村有&ldquo;炒大豆&rdquo;的习俗。7日，青海省湟中县海子沟乡总堡村里，民众聚集在一起炒大豆，品尝炒制成黄脆、黑脆、&ldquo;单眼皮&rdquo;、&ldquo;双眼皮&rdquo;等种类的大豆。\r\r	\r\r	海子沟乡豆类种植面积为63263亩，其中蚕豆面积达11000亩，主要分布在海子沟乡总堡、杨库托、水滩、阿滩等村，种植户约有3000多户，从事蚕豆加工销售有200多户。当地种植的蚕豆，因天然无公害，光照时间长，蛋白质丰富，特殊炒制后的蚕豆酥脆可口，味道绝佳。\r\r	\r\r	海子沟乡副乡长阿娟林介绍说，自去年开始，当地利用丰富的豆类资源，发展&ldquo;金豆&rdquo;品牌，农民收入增长迅速，希望以后&ldquo;金豆&rdquo;品牌可以成为农民致富的&ldquo;香饽饽&rdquo;。\r\r	\r\r	阿娟林介绍，自海子沟乡&ldquo;金豆&rdquo;品牌创办后，通过统一收购、加工，使得蚕豆销售标准化、规模化和品牌化，改变了以往销售户走街销售等销售渠道窄的现状，经统一加工保证了蚕豆的质量和口感的纯正。\r								                        ', '', 0),
	(21, 1, '重庆一景区用馒头、面包摆造型庆两会开幕', 'news', 0, 99, 'admin', '2016-03-06 14:44:00', '2016-03-06 14:44:00', 'http://www.cncity.cn/uploadfile/2016/0323/20160323094350389.jpg', '逍遥', '', '\r\r\r\r\r  2016年3月5日重庆一景区用馒头、面包摆造型庆两会开幕。3月5日，游', '                         \r	<img alt="" src="http://www.cncity.cn/uploadfile/2016/0323/20160323094350389.jpg" style="width: 550px; height: 370px;" />\r\r	\r\r	  2016年3月5日重庆一景区用馒头、面包摆造型庆两会开幕。3月5日，游客驻足观看用面包和馒头摆出&ldquo;丰衣足食庆两会&rdquo;字样的标语。 当日，重庆市美心洋人街景区用56个馒头和面包摆出&ldquo;丰衣足食 庆两会&rdquo;字样的宣传语。\r								                        ', '', 0),
	(22, 1, '香港味道 裹着大葱的甜蜜小饼', 'news', 0, 99, 'admin', '2016-03-06 14:40:00', '2016-03-06 14:40:00', 'http://www.cncity.cn/uploadfile/2016/0323/20160323094348693.jpg', '逍遥', '', '\r\r\r\r\r　　说到香港的街头传统小吃，不能不提的就是占据大多数港人童年甜蜜回', '                         \r	<img alt="" src="http://www.cncity.cn/uploadfile/2016/0323/20160323094348693.jpg" style="width: 550px; height: 372px;" />\r\r	\r\r	说到香港的街头传统小吃，不能不提的就是占据大多数港人童年甜蜜回忆的小吃，糖葱饼。\r\r	\r\r	在香港，糖葱饼可以算是最传统的小吃之一了，产生至今少已经有八十多年的历史。对于老一辈港人来说，糖葱饼绝对是童年最爱，甜酥可口，既能解馋又能果腹。由于夹在薄饼的糖犹如一段段葱白，因而称为&ldquo;糖葱饼&rdquo;。糖葱饼是由一层圆形的薄饼包住里面的白色长条状的糖葱，吃起来松松脆脆。虽然叫做&ldquo;糖葱&rdquo;，但这里面完全没有葱的成份。聪明的小贩别出心裁的把煮熔的蔗糖或麦芽糖拉打成白色的中空条状，就像葱白一样并排粘在一起，索性取名叫做&ldquo;糖葱&rdquo;。糖葱的制作工艺十分考究，用烧热的刀把糖葱横着切开，切面能清晰见到一个大孔周围环绕小孔，气孔越多，糖葱口感越好。据说，口感最好的糖葱上密密麻麻排列着272个气孔，14个大孔，258个小孔，咬上一口，松化酥脆，甜而不腻，好吃极了。\r\r	\r\r	用来包裹糖葱的饼皮，是使用粉浆往热锅上一浇，然后迅速在锅上一抹，再立即收回做成的。薄薄的饼皮像极了北方春卷的白面皮和北京烤鸭的面皮，但比两者更薄，用&ldquo;其薄如纸&rdquo;来形容它再合适不过。用薄饼包上一小段糖葱和馅料，例如红糖、椰丝、芝麻等，就成了一个完整的糖葱饼。如今，除了传统的糖葱饼，人们还发明出了包裹菜脯、芫荽、葱、蒜等的咸糖葱饼，吃起来也是别有一番风味。\r\r	\r\r	通常，贩卖糖葱饼的小贩还会兼售一种传统的特色糖果，叫做啄啄糖。现在经常在香港街头看到的&ldquo;叮叮糖&rdquo;，其实就是啄啄糖。啄啄糖本身是一大块质地坚硬的、带有芝麻和姜味的麦芽糖。制作的时候，首先需要把麦芽糖煮熔，加入其他材料再不断搅拌。在糖尚未完全凝固前，飞速放在铁枝上拉成糖胶，捆绑成盘状。街边小贩在售卖啄啄糖时，需要从盆中凿碎，港人称为&ldquo;啄碎&rdquo;，啄啄糖也因而得名。现在，有些小贩为了迎合年轻人的口味，更会制作椰子味、朱古力味、芒果味、香芋味和草苺味的啄啄糖，制作方法也从纯手工制作改为机器制作，而原来那份淳朴的味道也因此少了一分。\r\r	\r\r	目前，在整个香港市区，只有油麻地和旺角附近能见到糖葱饼的身影。安静的糖葱饼小贩会在街角摆放一个铁箱子，隔着箱子正面的玻璃展示窗，你能看到那些承载着回忆和甜蜜的糖葱饼就整齐的摆放在里面，等待怀旧的人们去重拾昔日的光阴。\r								                        ', '', 0),
	(23, 1, '蛋挞里的“港味儿”', 'news', 0, 99, 'admin', '2016-03-04 17:46:00', '2016-03-04 17:46:00', 'http://www.cncity.cn/uploadfile/2016/0323/20160323094346872.jpg', '逍遥', '', '\r\r\r\r\r葡式蛋挞（图片来源：网络）\r\r\r\r　　一说蛋挞，大家应该都非常熟悉了。蛋挞', '                         \r	<img alt="" src="http://www.cncity.cn/uploadfile/2016/0323/20160323094346872.jpg" style="width: 450px; height: 299px;" />\r\r	\r\r	葡式蛋挞（图片来源：网络）\r\r	\r\r	一说蛋挞，大家应该都非常熟悉了。&ldquo;蛋挞&rdquo;的蛋，指的是主要的原材料蛋浆，&ldquo;挞&rdquo;是英文tart的音译，指的是馅料外露的馅饼，所以，蛋挞实际上就是以蛋浆为馅料烤制的小馅饼。平时大家吃的最多的，应该都是表面有点点焦黑，外皮酥油的蛋挞。这种蛋挞最早是由葡萄牙人带入澳门地区的，因而称为&ldquo;葡式蛋挞&rdquo;。葡式蛋挞以英式奶黄馅和糖为原材料，所以奶香味十分浓郁，大量的糖过度受热成为焦糖，在表面形成焦黑的斑点，因此又被叫做&ldquo;葡式奶油挞&rdquo;或者&ldquo;焦糖玛奇朵蛋挞&rdquo;。在香港，人们习惯上称这类蛋挞为&ldquo;葡挞&rdquo;，以区别香港地区传统的港式蛋挞。\r\r	\r\r	<img alt="" src="http://www.cncity.cn/uploadfile/2016/0323/20160323094346261.jpg" style="width: 449px; height: 272px;" />\r\r	\r\r	酥皮蛋挞（图片来源：网络）\r\r	\r\r	作为香港地区的代表食物之一，港式蛋挞分为酥皮和牛油皮两种。牛油蛋挞的蛋挞皮比较光滑和完整，好像一块盆装的饼干，有牛油的香味，口感像曲奇饼，所以也被称为曲奇皮蛋挞。酥皮蛋挞的挞皮为酥皮，一个酥皮蛋挞的酥皮通常能有近百层起酥折层。酥皮蛋挞以猪油制作，口感较牛油蛋挞皮粗糙，吃起来更加香酥顺口。在港人的眼中，葡挞是舶来品，港式蛋挞才是真正意义上的经典&ldquo;蛋挞&rdquo;。\r\r	\r\r	<img alt="" src="http://www.cncity.cn/uploadfile/2016/0323/20160323094347679.jpg" style="width: 449px; height: 337px;" />\r\r	\r\r	牛油蛋挞（图片来源：网络）\r\r	\r\r	其实，港式蛋挞也是从外国引入。1940年代，香港高级西餐厅首次引入蛋挞，到了1950年代，蛋挞开始出现在普通茶餐厅的餐牌上，不少酒楼的点心中也有了新产品蛋挞仔（小型蛋挞）。不过，由于制作工艺较为繁琐，最初在茶餐厅出售的蛋挞都比较大，一个蛋挞便可以做为一份下午茶餐。从1990年代起，兼营包饼类食品的茶餐厅逐渐减少，香港仅有旧式茶餐厅还在出售自家烤制的蛋挞，市民们买港式蛋挞，只能到街边的面包店。于是，这一时期就陆续涌现出了一大批驰名中外的蛋挞店，泰昌饼店就是其中的一家。\r\r	\r\r	香港老字号&ldquo;泰昌饼家&rdquo;由欧阳天闰在1982年从舅父手中接掌后发扬光大。也是经由欧阳天闰的创造，港式蛋挞才有了酥皮和曲奇皮之分。泰昌饼家的曲奇皮蛋挞，看起来与别家无异，但放在冰箱冷却之后，再拿到烤面包机加热，外表和口感仍然与新鲜出炉时一样。而坊间的蛋挞，大多在冷却后出现蛋馅干裂的现象，因此，美味又好保存的泰昌蛋挞就格外受到顾客的欢迎。就连末代港督彭定康在吃过司机买回的蛋挞后，也对泰昌赞不绝后，记忆深刻。后来，彭定康还经常亲自光顾泰昌购买蛋挞，把泰昌饼家一路捧上&ldquo;香港第一蛋挞&rdquo;的宝座，泰昌出品的蛋挞也因此被称为&ldquo;肥彭蛋挞&rdquo;。彭定康不仅自己喜欢吃泰昌的蛋挞，还落力四荐。1995年10月某天的英国《每日电讯报》刊登了一篇由彭定康亲自撰写的文章，介绍香港特色。他在文字毫不避讳地写道︰&ldquo;在中环有一间泰昌饼家，做的蛋挞最好吃。&rdquo;从此，泰昌饼家开始赢得世界性的声誉，直到现在一直是代表香港蛋挞的一张亮眼名片。\r								                        ', '', 0),
	(24, 1, '河北一山村父老乡亲同吃幸福饺子宴', 'news', 0, 99, 'admin', '2016-03-04 16:21:00', '2016-03-04 16:21:00', 'http://www.cncity.cn/uploadfile/2016/0323/20160323094343691.jpg', '逍遥', '', '\r\r\r\r\r村民同包幸福饺子。\r\r\r\r\r\r\r\r村民共同完成的幸福饺子。\r\r\r\r  这家拿几棵白菜、那家', '                         \r	<img alt="" src="http://www.cncity.cn/uploadfile/2016/0323/20160323094343691.jpg" style="width: 540px; height: 359px;" />\r\r	\r\r	村民同包幸福饺子。\r\r	\r\r	<img alt="" src="http://www.cncity.cn/uploadfile/2016/0323/20160323094344629.jpg" style="width: 540px; height: 359px;" />\r\r	\r\r	村民共同完成的幸福饺子。\r\r	\r\r	  这家拿几棵白菜、那家拿几块肉&hellip;&hellip;3日，河北省石家庄市平山县下口镇卷掌村的40位村民自己提供物资、自己动手做，请全村百姓吃了一次幸福饺子宴。\r\r	\r\r	为什么这40位普通的村民有这样的善举？原来，他们前一天刚刚参加了村里组织的幸福家庭训练营培训课，经过培训，他们受到启发，决定齐心协力给村里做点儿事。这也是卷掌村有史以来第一次集体公益活动。\r\r	\r\r	卷掌村是革命老区平山县西部的一个山村，2016年1月份经村民提议、镇党委研究后邀请从卷掌村走出去的&ldquo;80后&rdquo;优秀青年李玉法回村担任村党支部第一书记，带领村民脱贫致富。\r\r	\r\r	新的村党支部和刚刚驻扎到村进行精准扶贫的裕华区农工委驻村工作组一起举办了一次幸福家庭训练营，邀请河北省知名专家团到村根据村庄特点进行培训，让村民解放思想、凝心聚力，打赢扶贫攻坚战、建设幸福卷掌村。作为培训成果之一，参加培训的40人决定给全村百姓奉献一场幸福饺子宴席。\r\r	\r\r	当天，村民们分成5个队，每队负责70多人的饺子，5个队各包各的馅，所需的面、油、菜、肉、蛋等食材全由村民自发提供。11点30分，大家包了8000多个饺子，摆满了整个屋子，村民用饺子拼成五个大字&ldquo;幸福卷掌村&rdquo;，现场气氛热闹、开心、感动、幸福、积极，充满正能量。\r\r	\r\r	谈起这次活动的感受，村民们有太多话要说，感谢和感动是他们说得最多的字眼。\r\r	\r\r	村民卢进怀说，通过这两天的课，他接受了先进的思想，感觉到村里人的心凝聚了，&ldquo;感谢老师们千里迢迢过来讲课，感动大家团结不计较创造了幸福饺子宴。&rdquo;\r\r	\r\r	村民韩地动说，以前大家散漫逃避，只要自己的日子过好了就高高挂起，这次课程的激发让大家想到了互助，悟到了担当，幸福饺子宴就是实现想法的时刻。\r\r	\r\r	村子里的老党员高玉海说，他最大的感受就是只要村民团结在一起，啥事儿都能干好。\r\r	\r\r	村党支部第一书记李玉法说，&ldquo;我生在卷掌村，是卷掌村的青山绿水养育了我，是卷掌村的父老乡亲成就了我，所以我愿意回馈家乡，回馈父老乡亲们。&rdquo;\r\r	\r\r	李玉法说，下一步他将和驻村扶贫工作组、村干部一起，和全体村民一起探讨，找出卷掌村的特色，解放思想、凝心聚力，打赢扶贫攻坚战、建设幸福卷掌村。\r								                        ', '', 0),
	(25, 1, '上海民俗艺人谈“年味”：难忘妈妈牌美味蛋饺', 'news', 0, 99, 'admin', '2016-03-04 14:14:00', '2016-03-04 14:14:00', 'http://www.cncity.cn/uploadfile/2016/0323/20160323094342306.jpg', '逍遥', '', '\r　　还记得小时候掰着手指头数日子，呼唤春节你快点来，慢点走，想到那', '                         \r	还记得小时候掰着手指头数日子，呼唤春节你&ldquo;快点来，慢点走&rdquo;，想到那时的春节，满脑子都是年味儿：家家户户屋檐下挂满了腊肉，大街小巷贴满了对联，全家人热热闹闹围在一起看春晚&hellip;&hellip;临近过年，这些温馨的、有趣的、难忘的回忆就一股脑儿地又冒出来。春节习俗源远流长，各地不同，每个人都有浓浓的过年情结和不一样的过年故事。这个冬日，人民网文化频道推出春节特别策划《最怀念的年味儿》，邀请各地知名作家学者、影视名人，以及民间手艺传承者等，畅聊他们的春节记忆。今天，请大家跟小编一起，听听华夏香文化研究中心主任吴清最怀念的年味儿。\r\r	\r\r	<img alt="" src="http://www.cncity.cn/uploadfile/2016/0323/20160323094342306.jpg" style="width: 471px; height: 326px;" />\r\r	\r\r	七十年代末期的年夜饭，左二为吴清。（吴清供图）\r\r	\r\r	身为土生土长的上海人，华夏香文化研究中心主任吴清谈到过年，提起了两个字&mdash;&mdash;&ldquo;规矩&rdquo;。讲究传统人家对祖上流传下来的规矩尤为看重，什么事要注意，什么事不能做，都是约定俗成的。\r\r	\r\r	在吴清的记忆中，祭祀是神圣的，也是严肃的。例如，除夕祭祖，母亲一大早就告诫吴清，自今天至年初一不可以说不吉祥的话，不能动刀、剪等利器。祭祀的方桌上，摆了一溜青花瓷的小酒盅，长子长孙一一敬酒；祖孙三代按照辈分，依次给老祖宗磕头，并将手中的香插入香炉；祭祀结束，将板凳向外拉出，恭送酒足饭饱的老祖宗。\r\r	\r\r	&ldquo;除夕当晚，全家动员把家中所有的鞋子摆放在家中的每个房间的门口。&rdquo;吴清解释道，这个习俗有一个说法，财神爷除夕下凡，会根据每家的鞋子数量判断家里有几口人，然后发放下一年的口粮，人数越多，口粮也就越多。这个习俗，吴家依然保留至今。\r\r	\r\r	<img alt="" src="http://www.cncity.cn/uploadfile/2016/0323/20160323094342471.jpg" style="width: 486px; height: 342px;" />\r\r	\r\r	九十年代，吴清的祖父祖母抱着吴清的儿子在家中用餐。（吴清供图）\r\r	\r\r	除了亲人团聚，过年最让吴清惦记的，还有美食。年前，家里人会精心准备上海正宗的本帮菜，如走油肉、三鲜肉皮汤、冬笋塔菜等。在吴清记忆深处，有一道难以忘怀的美味&mdash;&mdash;蛋饺。他清楚记得妈妈制作蛋饺的每一个细节：点一个煤炉，用猪油擦拭铁勺，倒入鸡蛋糊匀速转动，形成蛋皮后，放入肉馅，将蛋皮合上，一个淡黄色半圆形的蛋饺就做成了。&ldquo;特别香，还越闻越香。&rdquo;吴清看得馋得不行，&ldquo;这时肉馅还是生的，不能吃。看着我在煤炉边转来转去，妈妈会拎给我一块蛋皮解解馋。&rdquo;\r\r	\r\r	家境不错的吴氏家族，从祖上开始就尤爱江南丝竹，如二胡、琵琶、洞箫、扬琴、三弦等。古人喜欢焚香抚琴，讲求清心悦神，趋利避邪。2004年，吴清拜在香学宗师&mdash;&mdash;刘良佑先生门下，系统学习传统香事文化。如今，从汉代到光绪年间的香方有近千个，吴清已经调和试制百余种。每逢过年，吴清都会静心焚上一炷自己亲手制作的香品，为家人吹奏一曲洞箫或者弹奏一曲古琴。&ldquo;我们会在香味和丝竹声中缅怀祖先。这也是每年必不可少的一个环节。&rdquo;\r\r	\r								                        ', '', 0),
	(26, 1, '新疆喀什巴楚夜市美食荟萃人流如织直至凌晨', 'news', 0, 99, 'admin', '2016-03-03 15:58:00', '2016-03-03 15:58:00', 'http://www.cncity.cn/uploadfile/2016/0323/20160323094339940.jpg', '逍遥', '', '\r\r\r\r\r巴楚县夜市特色美食荟萃，人流如织，直至第二天凌晨。\r\r\r\r\r\r\r\r阿里木烤肉是巴楚', '                         \r	<img alt="" src="http://www.cncity.cn/uploadfile/2016/0323/20160323094339940.jpg" style="width: 540px; height: 360px;" />\r\r	\r\r	巴楚县夜市特色美食荟萃，人流如织，直至第二天凌晨。\r\r	\r\r	<img alt="" src="http://www.cncity.cn/uploadfile/2016/0323/20160323094340994.jpg" style="width: 540px; height: 405px;" />\r\r	\r\r	阿里木烤肉是巴楚夜市里有名的&ldquo;老字号&rdquo;，其秘制的调料，使肉串香味袭人。\r\r	\r\r	  古丝路重镇新疆喀什地区巴楚县夜市一年四季不停歇，每天入夜后，琳琅满目的美食，吸引当地和外地游人来此品尝，休闲谈天。\r\r	\r\r	记者1日在该县县城文化路夜市看到，特色美食荟萃，人流如织，直至第二天凌晨。\r\r	\r\r	当地工商部门称，县城有2个夜市。文化路夜市经营户最多时达100多家，每晚人流过千。\r\r	\r\r	巴楚县为新疆南部交通枢纽，商业发达。该县享有&ldquo;美食之城&rdquo;的美誉。\r								                        ', '', 0),
	(27, 1, '香港举行万众同心千岁宴', 'news', 0, 99, 'admin', '2016-03-02 14:33:00', '2016-03-02 14:33:00', 'http://www.cncity.cn/uploadfile/2016/0323/20160323094332583.jpg', '逍遥', '', '\r\r\r\r\r\r\r\r\r\r\r\r\r  3月1日傍晚，香港葵青区议会等机构在葵涌运动场举行万众同心千岁宴', '                         \r	<img alt="" src="http://www.cncity.cn/uploadfile/2016/0323/20160323094332583.jpg" style="width: 550px; height: 366px;" />\r\r	\r\r	<img alt="" src="http://www.cncity.cn/uploadfile/2016/0323/20160323094334564.jpg" style="width: 550px; height: 366px;" />\r\r	\r\r	<img alt="" src="http://www.cncity.cn/uploadfile/2016/0323/20160323094336222.jpg" style="width: 550px; height: 363px;" />\r\r	\r\r	  3月1日傍晚，香港葵青区议会等机构在葵涌运动场举行&ldquo;万众同心千岁宴&rdquo;，有四千多位长者享用盆菜宴。\r								                        ', '', 0),
	(28, 1, '香港街头传统小吃砵仔糕', 'news', 0, 99, 'admin', '2016-02-28 17:36:00', '2016-02-28 17:36:00', 'http://www.cncity.cn/uploadfile/2016/0323/20160323094331920.jpg', '逍遥', '', '\r\r\r\r\r　　钵仔，指的是用瓦做的小碗。砵仔糕是一种广东人自创的传统小吃糕点', '                         \r	<img alt="" src="http://www.cncity.cn/uploadfile/2016/0323/20160323094331920.jpg" style="width: 550px; height: 412px;" />\r\r	\r\r	钵仔，指的是用瓦做的小碗。砵仔糕是一种广东人自创的传统小吃糕点，也是香港的街头传统小吃。传统的砵仔糕以黄糖、粘米粉等揉拌后，放在一个瓦制的小碗砵内蒸熟，现在比较多改用小瓷碗。吃的时候，要把砵仔糕从小砵里倒出来，以竹签穿起来吃。刚蒸好的砵仔糕用四个字形容，就是：暖、滑、香、爽。最传统的砵仔糕是黄糖口味，后来加入红豆，也就是现在最常见到的红豆砵仔糕。砵仔糕在1980年代，只有一两种口味。现在还有了以白砂糖、冰糖等制成的糕，也研发出了绿茶砵仔糕、南瓜砵仔糕等。用白砂糖做出来的砵仔糕晶莹雪白，表层油润光洁、细腻嫩滑，味道甜洌清香，吃起来有粘韧性而不粘牙，格外受年轻人的喜爱。\r\r	\r\r	制作钵仔糕，其实是一件很高深的学问。糕身要用粘米磨成浆后再加黄糖做成，这样才够爽滑弹牙，红豆要用天津产的，豆味香浓又软糯。制糕的第一步从泡米开始。粘米浸泡的工序是制糕最重要的环节，时间的拿捏更是讲究。夏天制糕浸米通常在四小时左右，而冬天因温度较低，时间则要六小时。浸米时间太短，米粒吸不饱水份，做出来的糕没有湿润的口感和米粒经微发酵后散发出来的淡淡米香。但如果浸泡太久米粒发散，米糕也会变得糊口而没有弹性，甚至还可能因过度发酵而变酸。砵仔糕的秘诀，在于粉料的使用。除了为基底的粘米粉外，便是赋予砵仔糕柔韧有致的口感所不可或缺的澄面粉。各路店家们还可能加入马蹄粉，生粉，木薯粉或玉蜀黍粉等来让一口砵仔糕在牙齿和舌头尖之间的短暂逗留更为多彩多姿。除此以外，蒸砵仔糕的小碗要先上笼加热一段时间，才倒入米浆。这能让水蒸气在碗仔的表面凝聚一层薄薄的水珠，形成天然的润滑剂。受热后的碗仔还能加快倒入米浆后钵仔糕下方熟透的速度，防止米浆沉淀的可能性。 新鲜钵仔糕出炉后，要立即趁热将糕面的蒸汽水倒走，再把整个碗打斜放，用风扇吹最少5分钟，吹走湿气兼收干水气，如此糕身才不会太湿润，不至于影响口感。\r\r	\r\r	无论身在香港何处，都找到几家有名气的传统老店售卖砵仔糕，例如大埔墟熟食中心的有记茶果、土瓜湾马头围道的信兴隆、西环皇后大道西的卓越食品饼店等。不过，要说最有名的，应该还要数粉岭的罗婆婆。粉岭围村的92岁罗婆婆，人称&ldquo;砵仔糕婆婆&rdquo;，65年坚持推车摆档售卖砵仔糕。煲水、煮豆、磨米、蒸糕，每个环节都由罗婆婆亲力亲为。每天早上9时，头发全白的罗婆婆都会拖着半弯身躯，推着载有2个铁桶，共100个砵仔糕的手推车，到粉岭联和墟售卖。罗婆婆制作的砵仔糕，糕身幼滑又有豆香，原汁原味引得许多市民不惜搭长途车专门到粉岭找寻婆婆买糕。\r\r	\r\r	砵仔糕作为一种传统小零食，热吃和冷吃有着不同的风味。趁热吃时，会感觉软滑带米香，冻食就会觉得弹牙爽口。虽然现在制作工艺精进了许多，但传统的砵仔糕老店，仍然只出售咖啡色的黄糖口味，分为有红豆和无豆两种。如果是第一次品尝砵仔糕，店家会建议食客选购无豆的黄糖口味。因为只有最原始的味道，才能尝出砵仔糕独有的那份香甜。\r								                        ', '', 0),
	(29, 1, '龙江森工闯进黑龙江景区卖特产', 'news', 0, 99, 'admin', '2016-02-27 13:16:00', '2016-02-27 13:16:00', '', '逍遥', '', '\r　　旖旎的北国风光，独特的冰雪乐趣，每年都吸引着大批国内外游客，前', '                         \r	旖旎的北国风光，独特的冰雪乐趣，每年都吸引着大批国内外游客，前来黑龙江旅游观光，随着冬季旅游的不断升温，龙江森工黑森集团也在创新市场营销方式，借助旅游进一步扩大品牌影响力，来自海内外的游客不仅可以在黑龙江领略到冰雪美景，还可以购买到纯正的黑森绿色产品。\r\r	\r\r	作为黑龙江超大型冰雪艺术精品工程的代表&mdash;&mdash;哈尔滨冰雪大世界，声名远播海内外，每年接待游客量达百万人次。今年，哈尔滨冰雪大世界首设了龙江绿色食品馆，作为龙江绿色食品品牌黑森也亮相其中。在这里游客们不单能看到晶莹剔透的冰灯，还能采购到来自大森林的黑森绿色食品。\r\r	\r\r	龙江绿色食品馆黑森销售店占地面积近一百平方米，依托优越的地理优势和百万人次的庞大的客流量，黑森食品在这里向来自四面八方的游客展示龙江森工林区纯正的绿色食品。\r\r	\r\r	黑龙江黑森绿色食品集团销售部经理王巍兴奋的告诉记者：&ldquo;近几个月来平均每天的营业额可以达到近万元，通过这个平台不仅让大家购买了黑森的产品，更大大的拓展了黑森品牌的知名度。&rdquo;\r\r	\r\r	来自全国各地的游客对黑森的系列产品也都是赞不绝口，这边来自贵阳的游客就告诉记者：&ldquo;她特别喜欢哈尔滨，尤其是在看过了那么好看的冰灯之后，出来还可以买到林产品特产，这对于她来说节省了旅游采购时间，看过这些玲琅满目的产品觉得黑土地的绿色食品真好。&rdquo;\r\r	\r\r	除了走进冰雪大世界，黑森系列产品还开始在游客量每年大幅度增长的森工各大景区安营扎寨。近日在全国闻名的大海林林业局&ldquo;中国雪乡&rdquo;景区，一间占地近200平米的黑森雪乡旗舰店就正式开门迎客。\r\r	\r\r	&ldquo;让黑森品牌和大海林的冰雪资源强强联合，这样既推动了旅游产业的发展，也推动了黑森品牌对外发展的品牌效应，既创建了新的产业基地又推动了雪乡整个多种经营产业的发展，也给职工群众带来了更多的就业机会，目前销售运营一天的销售额达到六千到一万，深受游客的青睐和喜欢。&rdquo;大海林林业局多种经营局局长魏敬辉这样介绍。\r\r	\r\r	记者在店内还遇到了来自深圳的游客，她说：&ldquo;一进到店内就觉得这些产品很系列化，尤其是摆放看起来整齐，有品牌感。虽然黑木耳哪里都有，但是我相信这里的肯定更好一点。&rdquo;\r\r	\r\r	来自唐山的游客也有同感，李先生说&ldquo;一路走过来对这个黑森系列的土特产最感兴趣，这黑土地林子里长的东西都是好东西。&rdquo;\r\r	\r\r	在过去的一年中，黑森绿色食品集团将绿色食品充分和旅游相结合，借助旅游扩大品牌知名度与销售。在森工总局平山旅游区、亚布力国际滑雪旅游度假区、哈尔滨市道外区巴洛克风情街、道里索菲亚商圈建立销售店，销售黑森系列产品。特别是亚布力国际滑雪旅游渡假区三山联网后，飞速增长的客流量更加扩大了黑森品牌的影响力。\r\r	\r\r	从旗舰店到加盟店，黑森绿色食品的销售量和品牌影响力都在逐渐上升。 &ldquo;自从我们引进黑森绿色食品销售品牌以后，我们小店的客流量有了一个飞跃的发展。销售额也翻番上升，市民和游客对黑森的品牌都有一定的认识度，相信产品的质量也对产品非常满意。我们也培养了很多黑森品牌的回头客和固定客户。黑森绿色食品销售中心道里索菲亚店店长王佳龙说到。&rdquo;\r\r	\r\r	除了进驻景区，黑森系列产品在哈尔滨太平国际机场、沈阳桃园机场开设的卖场，也已成为扩大品牌影响力的重要窗口。目前，集团已在全国建立黑森绿色食品旗舰店15家，2016年将在全国再开20家旗舰店。截止到2015年底，黑森绿色食品集团销售额突破百亿元，拉动森工林下产品由 &ldquo;原字号&rdquo;，&ldquo;分散式&rdquo;经营到统一基地生产，统一包装，统一品牌销售的规模化发展。\r\r	\r\r	关于黑森绿色食品的品牌发展，黑森绿色食品集团总经理张图告诉记者：&ldquo;我们的最终的目的就是真正要抓住黑龙江省发展林下经济的契机，把森工森林资源的优势转化成经济优势，真正的把森林食品打造成森工转型升级的主要产业，真正的实现壮大森林食品产业，实现强企富民的目的，同时我们也在积极地进行规划与打造，引进战略合作者，进行股份制改制，争取成为森林食品第一家上市公司。&rdquo;\r								                        ', '', 0),
	(30, 1, '风情美食园将向世界展示海南好滋味', 'news', 0, 99, 'admin', '2016-02-26 15:55:00', '2016-02-26 15:55:00', '', '逍遥', '', '\r　　记者今天从海南好滋味&mdash;&mdash;海南风情美食园媒体见面会获悉，作为博鳌', '                         \r	记者今天从&ldquo;海南好滋味&mdash;&mdash;海南风情美食园&rdquo;媒体见面会获悉，作为博鳌亚洲论坛2016年年会海南省主题活动之一，海南风情美食园年会期间将推出不同主题餐会、特色产品展示等，届时将供应100多种食材，30多种热带水果，同时提供20多种小吃。\r\r	\r\r	在省外事侨务办、省商务厅、省农业厅的支持下，海南风情美食园活动由海南中远博鳌有限公司、罗牛山集团有限公司承办。今年的海南风情美食园增加了四大亮点。一是推出不同主题餐会，在主区域风情美食园内推出水果、特色食材、海南小吃、生态食品等四大主题餐会以及海南美食沙龙。二是突出&ldquo;海南美食+互联网&rdquo;，通过微信打印机、识图软件、全息影像等技术将高科技元素融入海南风情美食园，入园企业可通过互联网平台与消费者实现对接。三是在园区内设置反映&ldquo;海上丝绸之路&rdquo;&ldquo;海南传统文化&rdquo;&ldquo;传统工艺品&rdquo;&ldquo;海洋文化&rdquo;等的特色置景及产品展示，还设置趣园、休闲吧、文化长廊以及农业公园剪影等区域。四是全民互动，通过一系列丰富多彩的活动连接场内外，包括&ldquo;帮你的家乡美食进博鳌&rdquo;&ldquo;走进海南博鳌风情美食园&rdquo;&ldquo;海南美食进博鳌品鉴会&rdquo;等线上及线下活动。\r								                        ', '', 0),
	(31, 1, '广西名小吃“柳州螺蛳粉”将实施地方标准', 'news', 0, 99, 'admin', '2016-02-26 14:41:00', '2016-02-26 14:41:00', 'http://www.cncity.cn/uploadfile/2016/0323/20160323094328800.jpg', '逍遥', '', '\r\r\r\r\r  广西柳州市政府近日公布了柳州螺蛳粉地方标准，将于5月1日起正式实', '                         \r	<img alt="" src="http://www.cncity.cn/uploadfile/2016/0323/20160323094328800.jpg" style="width: 550px; height: 468px;" />\r\r	\r\r	  广西柳州市政府近日公布了柳州螺蛳粉地方标准，将于5月1日起正式实施。今后企业生产的预包装螺蛳粉如果不符合该标准，就不能以&ldquo;柳州螺蛳粉&rdquo;为产品名称。\r\r	\r\r	柳州螺蛳粉食品安全地方标准共分10个部分55小项，标准着重从螺蛳粉的产品分类，原辅料的技术要求，企业生产加工的过程要求，检验方法和包装标识等方面做了详细规定。\r\r	\r\r	柳州市政府副秘书长秦长春介绍，当前柳州市螺蛳粉企业执行的是企业内部标准，产品质量参差不齐，对于食品安全是一大隐患，柳州螺蛳粉产业也难以达到标准化、规模化发展，难于对柳州螺蛳粉品牌形成有效保护。\r\r	\r\r	2015年，在柳州市委市政府的大力推动下，柳州市商务委、卫生计生委、食药监局、市质监局等部门联合组成柳州螺蛳粉地方标准编制领导小组，专门负责柳州螺蛳粉地方标准的组织起草工作。\r\r	\r\r	柳州螺蛳粉是广西名小吃，近几年柳州螺蛳粉产业发展迅速。据不完全统计，全国各地螺蛳粉门店超过5000多家，营业额超50亿元。截至目前，柳州的螺蛳粉预包装生产企业达52家，网上日销6万多盒，去年销售额突破5亿元。\r								                        ', '', 0),
	(168, 2, '分站新闻', 'news', 0, 99, 'xiaoyao', '2016-04-18 11:18:02', '2016-06-30 11:27:42', '', '逍遥', '分站', '3.0版本为模型和Taxonomy增加了全自动节点扩展，改进了权限系统，做到了各站点间管理绝对解耦。', '<p>TP-Admin率先把只有大型门户才有的站群系统引入到以Thinkphp为底层的开源系统中。所谓站群系统：就是一网站的集合，各个站点既独立又统一，分级管理，信息共享，操作互不影响。3.0版本为模型和Taxonomy增加了全自动节点扩展，改进了权限系统，做到了各站点间管理绝对解耦。</p>\r\n', '', 0),
	(171, 1, '测试', 'picture', 171, 99, 'xiaoyao', '2016-07-19 15:24:51', '2016-07-19 16:11:34', '', '', '', '', '&lt;p&gt;fdsafdsfsd&lt;/p&gt;\r\n', '{"news":"","picture":"","video":""}', 0);
/*!40000 ALTER TABLE `xy_post` ENABLE KEYS */;

-- 导出  表 hhailuocms.xy_poster 结构
CREATE TABLE IF NOT EXISTS `xy_poster` (
  `id` smallint(5) unsigned NOT NULL AUTO_INCREMENT,
  `siteid` smallint(5) unsigned NOT NULL DEFAULT '0',
  `name` varchar(40) NOT NULL,
  `spaceid` smallint(5) unsigned NOT NULL DEFAULT '0',
  `type` varchar(10) NOT NULL,
  `setting` text NOT NULL,
  `startdate` int(10) unsigned NOT NULL DEFAULT '0',
  `enddate` int(10) unsigned NOT NULL DEFAULT '0',
  `addtime` int(10) unsigned NOT NULL DEFAULT '0',
  `hits` mediumint(8) unsigned NOT NULL DEFAULT '0',
  `clicks` smallint(5) unsigned NOT NULL DEFAULT '0',
  `listorder` tinyint(3) unsigned NOT NULL DEFAULT '0',
  `disabled` tinyint(1) unsigned NOT NULL DEFAULT '0',
  PRIMARY KEY (`id`),
  KEY `spaceid` (`spaceid`,`siteid`,`disabled`,`listorder`)
) ENGINE=MyISAM AUTO_INCREMENT=27 DEFAULT CHARSET=utf8;

-- 正在导出表  hhailuocms.xy_poster 的数据：2 rows
/*!40000 ALTER TABLE `xy_poster` DISABLE KEYS */;
INSERT INTO `xy_poster` (`id`, `siteid`, `name`, `spaceid`, `type`, `setting`, `startdate`, `enddate`, `addtime`, `hits`, `clicks`, `listorder`, `disabled`) VALUES
	(25, 1, 'xiaoyao', 10, 'images', 'array (\n  1 => \n  array (\n    \'linkurl\' => \'http://baidu.com\',\n    \'imageurl\' => \'/uploads/2017-07-18/596db6d516319.jpg\',\n    \'alt\' => \'\',\n  ),\n)', 1499757721, 1501140126, 1500362530, 0, 0, 0, 0),
	(26, 1, '代码广告测试', 11, 'text', 'array (\n  \'code\' => \'alert(\\\'<div class="">xxx</div>\\\');\',\n)', 1499137628, 1502985600, 1500433632, 0, 0, 0, 0);
/*!40000 ALTER TABLE `xy_poster` ENABLE KEYS */;

-- 导出  表 hhailuocms.xy_poster_space 结构
CREATE TABLE IF NOT EXISTS `xy_poster_space` (
  `spaceid` smallint(5) unsigned NOT NULL AUTO_INCREMENT,
  `siteid` smallint(5) unsigned NOT NULL DEFAULT '0',
  `name` char(50) NOT NULL,
  `type` char(30) NOT NULL,
  `path` char(40) NOT NULL DEFAULT '',
  `width` smallint(4) unsigned NOT NULL DEFAULT '0',
  `height` smallint(4) unsigned NOT NULL DEFAULT '0',
  `setting` varchar(255) NOT NULL DEFAULT '',
  `description` varchar(255) NOT NULL DEFAULT '',
  `items` tinyint(3) unsigned NOT NULL DEFAULT '0',
  `disabled` tinyint(1) unsigned NOT NULL DEFAULT '0',
  PRIMARY KEY (`spaceid`),
  KEY `disabled` (`disabled`,`siteid`)
) ENGINE=MyISAM AUTO_INCREMENT=12 DEFAULT CHARSET=utf8;

-- 正在导出表  hhailuocms.xy_poster_space 的数据：2 rows
/*!40000 ALTER TABLE `xy_poster_space` DISABLE KEYS */;
INSERT INTO `xy_poster_space` (`spaceid`, `siteid`, `name`, `type`, `path`, `width`, `height`, `setting`, `description`, `items`, `disabled`) VALUES
	(10, 1, '版位测试', 'banner', '', 1000, 100, 'array (\n  \'paddleft\' => \'0\',\n  \'paddtop\' => \'0\',\n)', '                                                                                                    ', 1, 0),
	(11, 1, '代码广告测试', 'code', '', 0, 0, 'array (\n  \'paddleft\' => \'\',\n  \'paddtop\' => \'\',\n)', '', 1, 0);
/*!40000 ALTER TABLE `xy_poster_space` ENABLE KEYS */;

-- 导出  表 hhailuocms.xy_role 结构
CREATE TABLE IF NOT EXISTS `xy_role` (
  `id` smallint(6) unsigned NOT NULL AUTO_INCREMENT,
  `name` varchar(20) NOT NULL,
  `pid` smallint(6) DEFAULT NULL,
  `status` tinyint(1) unsigned DEFAULT NULL,
  `remark` varchar(255) DEFAULT NULL,
  PRIMARY KEY (`id`),
  KEY `pid` (`pid`),
  KEY `status` (`status`)
) ENGINE=InnoDB AUTO_INCREMENT=4 DEFAULT CHARSET=utf8;

-- 正在导出表  hhailuocms.xy_role 的数据：~3 rows (大约)
/*!40000 ALTER TABLE `xy_role` DISABLE KEYS */;
INSERT INTO `xy_role` (`id`, `name`, `pid`, `status`, `remark`) VALUES
	(1, '超级管理员', NULL, 1, '超级管理员'),
	(2, '站点管理员', NULL, 1, '管理员'),
	(3, '管理员', NULL, 1, '管理员\r\n');
/*!40000 ALTER TABLE `xy_role` ENABLE KEYS */;

-- 导出  表 hhailuocms.xy_role_user 结构
CREATE TABLE IF NOT EXISTS `xy_role_user` (
  `role_id` mediumint(9) unsigned NOT NULL DEFAULT '0',
  `user_id` char(32) NOT NULL DEFAULT '',
  PRIMARY KEY (`role_id`,`user_id`),
  KEY `group_id` (`role_id`),
  KEY `user_id` (`user_id`)
) ENGINE=InnoDB DEFAULT CHARSET=utf8;

-- 正在导出表  hhailuocms.xy_role_user 的数据：~4 rows (大约)
/*!40000 ALTER TABLE `xy_role_user` DISABLE KEYS */;
INSERT INTO `xy_role_user` (`role_id`, `user_id`) VALUES
	(1, '1'),
	(2, '51'),
	(3, '45'),
	(3, '52');
/*!40000 ALTER TABLE `xy_role_user` ENABLE KEYS */;

-- 导出  表 hhailuocms.xy_site 结构
CREATE TABLE IF NOT EXISTS `xy_site` (
  `id` smallint(5) unsigned NOT NULL AUTO_INCREMENT,
  `name` char(30) DEFAULT '',
  `dirname` char(255) DEFAULT '',
  `domain` char(255) DEFAULT '',
  `base_domain` varchar(255) DEFAULT '',
  `site_title` char(255) DEFAULT '',
  `keywords` char(255) DEFAULT '',
  `description` char(255) DEFAULT '',
  `release_point` text,
  `default_style` char(50) DEFAULT NULL,
  `template` text,
  `setting` mediumtext,
  `uuid` char(40) DEFAULT '',
  PRIMARY KEY (`id`)
) ENGINE=InnoDB AUTO_INCREMENT=4 DEFAULT CHARSET=utf8;

-- 正在导出表  hhailuocms.xy_site 的数据：~3 rows (大约)
/*!40000 ALTER TABLE `xy_site` DISABLE KEYS */;
INSERT INTO `xy_site` (`id`, `name`, `dirname`, `domain`, `base_domain`, `site_title`, `keywords`, `description`, `release_point`, `default_style`, `template`, `setting`, `uuid`) VALUES
	(1, '红海螺', 'www', 'http://www.hhailuocms.com', 'hhailuocms.com', '红海螺CMS', '红海螺CMS TP-Admin 通用后台管理系统', '红海螺CMS（TP-Admin V5）是一个拥有站群功能的多功能CMS基础系统，底层融合了Slim 2.6和ThinkPHP 3.2两个框架，在此基础上改造了MVC结构、泛域名匹配机制、在MVC的基础上新增Logic层、重构路由机制实现与当下主流的开源框架（如：laravel，YII等）路由机制相类似的RESTful。能帮助你快速构建大型门户站点，以及快速的开发一个简单但是强大的WEB应用以及API接口', '', 'default', 'hhailuo', 'array (\n  \'upload_maxsize\' => \'204800\',\n  \'upload_allowext\' => \'jpg|jpeg|gif|bmp|png|doc|docx|xls|xlsx|ppt|pptx|pdf|txt|rar|zip|swf\',\n  \'watermark_enable\' => \'0\',\n  \'watermark_minwidth\' => \'300\',\n  \'watermark_minheight\' => \'300\',\n  \'watermark_pct\' => \'85\',\n  \'watermark_quality\' => \'80\',\n)', '3d3fd04a-6433-11e1-b487-1c750850a1c3'),
	(2, '长沙', 'cs', 'http://cs.hhailuocms.com', 'hhailuocms.com', '红海螺-房产', '', '', NULL, NULL, 'hhailuo', 'array (\n  \'upload_maxsize\' => \'2048\',\n  \'upload_allowext\' => \'jpg|jpeg|gif|bmp|png|doc|docx|xls|xlsx|ppt|pptx|pdf|txt|rar|zip|swf\',\n  \'watermark_enable\' => \'0\',\n  \'watermark_minwidth\' => \'300\',\n  \'watermark_minheight\' => \'300\',\n  \'watermark_pct\' => \'100\',\n  \'watermark_quality\' => \'80\',\n)', ''),
	(3, '深圳', 'sz', 'http://sz.hhailuocms.com', 'hhailuocms.com', '深圳房产', '深圳房产', '深圳房产', NULL, NULL, 'hhailuo', 'array (\n  \'upload_maxsize\' => \'2048\',\n  \'upload_allowext\' => \'jpg|jpeg|gif|bmp|png|doc|docx|xls|xlsx|ppt|pptx|pdf|txt|rar|zip|swf\',\n  \'watermark_enable\' => \'0\',\n  \'watermark_minwidth\' => \'300\',\n  \'watermark_minheight\' => \'300\',\n  \'watermark_pct\' => \'100\',\n  \'watermark_quality\' => \'80\',\n)', '');
/*!40000 ALTER TABLE `xy_site` ENABLE KEYS */;

-- 导出  表 hhailuocms.xy_taxonomy 结构
CREATE TABLE IF NOT EXISTS `xy_taxonomy` (
  `id` smallint(6) NOT NULL AUTO_INCREMENT,
  `post_type` varchar(50) NOT NULL,
  `name` varchar(50) NOT NULL,
  `label` varchar(50) NOT NULL,
  `siteid` smallint(6) NOT NULL,
  PRIMARY KEY (`id`)
) ENGINE=InnoDB AUTO_INCREMENT=9 DEFAULT CHARSET=utf8;

-- 正在导出表  hhailuocms.xy_taxonomy 的数据：~1 rows (大约)
/*!40000 ALTER TABLE `xy_taxonomy` DISABLE KEYS */;
INSERT INTO `xy_taxonomy` (`id`, `post_type`, `name`, `label`, `siteid`) VALUES
	(2, 'post', 'category', '栏目', 1);
/*!40000 ALTER TABLE `xy_taxonomy` ENABLE KEYS */;

-- 导出  表 hhailuocms.xy_user 结构
CREATE TABLE IF NOT EXISTS `xy_user` (
  `id` smallint(5) unsigned NOT NULL AUTO_INCREMENT,
  `account` varchar(64) NOT NULL DEFAULT '',
  `password` char(32) NOT NULL DEFAULT '',
  `realname` varchar(255) NOT NULL DEFAULT '',
  `email` varchar(255) NOT NULL DEFAULT '',
  `last_login_time` int(11) unsigned DEFAULT '0',
  `last_login_ip` varchar(40) DEFAULT NULL,
  `status` tinyint(1) DEFAULT '0',
  `try_time` int(1) NOT NULL DEFAULT '0',
  `role_id` tinyint(2) unsigned DEFAULT '0',
  PRIMARY KEY (`id`),
  UNIQUE KEY `account` (`account`)
) ENGINE=InnoDB AUTO_INCREMENT=51 DEFAULT CHARSET=utf8;

-- 正在导出表  hhailuocms.xy_user 的数据：~6 rows (大约)
/*!40000 ALTER TABLE `xy_user` DISABLE KEYS */;
INSERT INTO `xy_user` (`id`, `account`, `password`, `realname`, `email`, `last_login_time`, `last_login_ip`, `status`, `try_time`, `role_id`) VALUES
	(1, 'xiaoyao', '1cae502daafedefc85ba8eae52ba7b72', '', '', 1500553483, '127.0.0.1', 1, 0, 1),
	(45, 'tp-admin', 'b990e224fe46ed9cf0a8cd8c49d59629', '', '', 1500016103, '115.171.14.33', 1, 0, 2),
	(47, 'admin', '25d55ad283aa400af464c76d713c07ad', '', '', 1450618788, NULL, 1, 4, 1),
	(48, 'test', 'e10adc3949ba59abbe56e057f20f883e', '', '', 0, NULL, 1, 0, 2),
	(49, 'wc', 'e807f1fcf82d132f9bb018ca6738a19f', '', '', 0, NULL, 1, 0, 19),
	(50, 'site', '6f3cac6213ffceee27cc85414f458caa', '', '', 1453368966, NULL, 1, 0, 3);
/*!40000 ALTER TABLE `xy_user` ENABLE KEYS */;

-- 导出  表 hhailuocms.xy_video 结构
CREATE TABLE IF NOT EXISTS `xy_video` (
  `id` int(11) NOT NULL AUTO_INCREMENT,
  `template` varchar(255) NOT NULL,
  `video_url` mediumtext NOT NULL,
  `relationnews` mediumtext NOT NULL,
  PRIMARY KEY (`id`)
) ENGINE=InnoDB DEFAULT CHARSET=utf8;

-- 正在导出表  hhailuocms.xy_video 的数据：~0 rows (大约)
/*!40000 ALTER TABLE `xy_video` DISABLE KEYS */;
/*!40000 ALTER TABLE `xy_video` ENABLE KEYS */;

/*!40101 SET SQL_MODE=IFNULL(@OLD_SQL_MODE, '') */;
/*!40014 SET FOREIGN_KEY_CHECKS=IF(@OLD_FOREIGN_KEY_CHECKS IS NULL, 1, @OLD_FOREIGN_KEY_CHECKS) */;
/*!40101 SET CHARACTER_SET_CLIENT=@OLD_CHARACTER_SET_CLIENT */;
